professor_hale|À, cậu đến rồi. Cần ta xem chuyện gì?|Ah, there you are. What do you need me to look at?
mara_voss|Muốn đấu hay có chuyện cần nói?|A battle, or something you want to discuss?
pokemall_ren|Cứ xem thoải mái. Cần thứ gì thì hỏi tôi; không mua cũng được.|Take your time. Ask if you need anything; browsing is fine.
daycare_mira|Đưa đội của bạn lại đây nhé. Có bé nào đang mệt không?|Bring your party over. Is anyone feeling unwell?
fashion_elle|Bạn đang tìm đồ cho chuyến đi hay chỉ muốn đổi kiểu?|Something for a trip, or just a change of style?
bicycle_tomo|Muốn xem xe à? Tôi có thể chỉ bạn từng mẫu trước.|Looking at bikes? I can walk you through the models.
dr_orin|Cậu có thông tin mới, hay muốn đối chiếu phần trước?|New information, or something from before you want to check?
rook|Cậu cần tin gì? Nói rõ để tôi khỏi đoán sai giá trị của nó.|What information do you need? Be specific so I can judge what it is worth.
selene_kade|Cậu muốn hỏi tôi chuyện nào?|What do you want to ask me about?
lab_scientist_iris|Tôi có thể kiểm tra bản ghi cùng cậu. Cậu mang bản nào?|I can examine the records with you. Which one did you bring?
archaeologist_marlow|Cẩn thận chồng giấy bên trái. Cậu đang tìm hồ sơ nào?|Mind the stack on the left. Which record are you looking for?
rocket_grunt_01|Đứng lại. Cậu đến đây làm gì?|Stop. What are you doing here?
rocket_grunt_02|Cậu không có trong danh sách. Ai cho cậu vào?|You are not on the list. Who let you in?
rocket_grunt_03|Muốn đi tiếp thì nói rõ cậu cần gì.|If you want to continue, tell me what you need.
rocket_admin_vex|Tôi đang nghe. Đừng phí thời gian của cả hai.|I am listening. Do not waste either of our time.
sixth_warden|Cậu đã chuẩn bị cho thử thách chưa?|Have you prepared for the challenge?
seventh_warden|Tôi có thể đấu, hoặc giải đáp về thử thách trước.|I can battle, or answer questions about the challenge first.
captain_dorian|Có việc ở bến cảng à? Tôi phụ trách khu này.|Business at the harbor? I am responsible for this area.
harbour_marshal_liora|Cậu cần qua cảng, hay muốn báo một việc?|Do you need passage, or do you have something to report?
battle_tower_receptionist|Bạn muốn đăng ký Tháp hay hỏi về lượt đấu?|Registering for the Tower, or asking about a round?
battle_tower_trainer_01|Khi nào cậu sẵn sàng thì báo tôi.|Let me know when you are ready.
battle_tower_trainer_02|Tôi muốn xem cậu điều chỉnh đội sau trận trước thế nào.|I want to see how you have adjusted your party since the last battle.
battle_tower_trainer_03|Đến lượt chúng ta rồi. Cậu cần chuẩn bị thêm không?|It is our turn. Do you need more time to prepare?
royal_league_receptionist|Chào bạn. Bạn cần đăng ký hay kiểm tra hồ sơ?|Hello. Are you registering or checking your record?
league_elite_01|Tôi đang chờ lượt đấu của cậu.|I am waiting for your round.
league_elite_02|Cậu muốn hỏi về trận đấu trước khi bắt đầu không?|Any questions about the battle before we begin?
league_elite_03|Nếu đội đã hồi phục, ta có thể bắt đầu.|If your party has recovered, we can begin.
aurelia|Cậu muốn nói về Liên Minh hay trận đấu của chúng ta?|The League, or our battle—which do you want to discuss?
school_wolf_gatekeeper|Cậu có hẹn với trường, hay đến đăng ký?|Do you have an appointment, or are you here to register?
school_wolf_trainer_01|Tôi có thể luyện cùng cậu một trận.|I can practice with you for a round.
school_wolf_trainer_02|Mang đội cậu muốn luyện đến nhé. Tôi không chọn hộ đâu.|Bring the party you want to train. I will not choose it for you.
school_wolf_trainer_03|Cậu muốn thử lại bài tập hay hỏi phần nào?|Retry the exercise, or ask about part of it?
school_wolf_master|Có câu hỏi thì nói. Ta sẽ xem cậu đã thử cách nào.|If you have a question, ask. We will look at what you have already tried.
mysterious|Cậu muốn hỏi chuyện gì? Tôi sẽ trả lời phần mình biết.|What do you want to ask? I will answer what I know.
town1_lan|Cậu tìm tôi à? Tôi đang rảnh một lát.|Looking for me? I have a moment.
town1_bao|Có gì cần chỉ đường cứ hỏi nhé.|Ask if you need directions.
town1_minh|Cậu định ra ngoài thị trấn à?|Heading out of town?
town1_uncle_phuc|Cháu cần hỏi bác chuyện gì?|What did you want to ask me?
town1_baker_quynh|Chào em. Chị vừa xong mẻ bánh, giờ nói chuyện được rồi.|Hello. The batch is done; I can talk now.
town2_librarian_an|Bạn cần tìm sách hay một bản ghi cụ thể?|A book, or a particular record?
town2_student_linh|Tớ đang xem lại bài. Cậu cần hỏi gì?|I am reviewing my notes. What do you need?
town2_doctor_kim|Có Pokémon nào cần kiểm tra không?|Does any Pokémon need a checkup?
town3_courier_nam|Cậu có thư cần gửi, hay đang chờ một bưu kiện?|Sending a letter, or waiting for a parcel?
town3_shady_trader|Muốn xem hàng thì lại đây. Giá phải nói trước nhé.|Come over if you want to look. Let us agree on the price first.
town3_victim_mai|Bạn có tin gì về món hàng đó không?|Any news about that item?
town3_accountant_tram|Mang hóa đơn theo nhé. Tôi cần đối chiếu từng khoản.|Bring the receipt. I need to check each amount.
town4_keeper_yen|Bạn đến xem khu lưu niệm à? Có gì cần tìm không?|Visiting the memorial? Is there something you need to find?
town4_referee_tuan|Cậu cần tôi giải thích luật hay xem lại kết quả?|An explanation of the rules, or a result to review?
town4_gardener_luc|Đi sát lối nhé, luống mới trồng còn mềm. Cậu tìm gì?|Stay on the path; the new beds are soft. What are you looking for?
town5_ranger_hanh|Bạn đang đi tuyến nào? Tôi cần biết để chỉ đường đúng.|Which trail are you taking? I need to know before giving directions.
town5_firewatch_vu|Có khói hay lửa ở đâu thì báo vị trí cho tôi trước.|If you saw smoke or fire, tell me where first.
town6_informant_duc|Cậu hỏi việc gì? Tôi chỉ nói phần mình đã thấy.|What are you asking about? I will stick to what I saw.
town6_mechanic_son|Máy có tiếng gì lạ không? Kể từ lúc nó bắt đầu nhé.|Any unusual noise? Tell me when it started.
town6_guard_chau|Cậu cần vào khu nào?|Which area do you need to enter?
town7_curator_huong|Bạn muốn xem hiện vật hay hỏi nguồn gốc của nó?|Looking at an exhibit, or asking where it came from?
town7_photographer_ly|Bạn tìm ảnh cũ hay muốn chụp một tấm mới?|Looking for an old photo, or taking a new one?
town8_dockworker_binh|Cậu đang tìm kiện hàng nào? Có mã thì đưa tôi.|Which parcel are you looking for? Show me its code if you have one.
town8_fisher_thao|Tôi vừa kéo lưới xong. Bạn muốn hỏi chuyện gì?|I have just hauled in the nets. What did you want to ask?
town8_trainer_hai|Cậu muốn luyện một trận hay đang tìm người?|A practice battle, or are you looking for someone?
town8_captain_hoa|Cậu cần lịch tàu hay muốn hỏi về chuyến trước?|The sailing schedule, or something about the previous voyage?
archive_keeper|Bạn cần hồ sơ nào? Tôi sẽ kiểm tra quyền truy cập trước.|Which record do you need? I will check access first.
weather_researcher_mai|Bạn có số đo mới không? Tôi đang đối chiếu các trạm.|Any new measurements? I am comparing the stations.
weather_guardian_groudon|Mặt đất rung nhẹ dưới chân. Pokémon trước mặt vẫn đang quan sát bạn.|The ground trembles slightly. The Pokémon watches you.
weather_guardian_kyogre|Tiếng nước lắng xuống. Pokémon trước mặt vẫn giữ khoảng cách.|The water grows quiet. The Pokémon keeps its distance.
