# scene | opening | relevant question | answer | acceptance | refusal acknowledgment
arrival|Hale đang ở phòng nghiên cứu. Cửa mở; ông ấy có vẻ đang tìm thứ gì trên bàn.|Tôi nên gặp ông ấy ngay à?|Ừ. Ông ấy đã để phần bàn gần cửa trống cho bạn.|Tôi vào chào ông ấy.|Bạn có thể quay lại khi sẵn sàng.
hale_phone|À, cậu đến rồi. Đây là điện thoại huấn luyện viên. Ta đã lưu số của Mira và Mara; còn số của ta... để ta kiểm tra lại.|Tôi dùng nó để liên lạc với ai trước?|Mira chăm sóc Pokémon ở gần đây. Nếu cần hỏi về chuyến đi, cứ gọi ta. Mara thì muốn gặp cậu ở sân tập.|Tôi nhận điện thoại. Cảm ơn giáo sư.|Được, ta giữ ở đây. Khi nào muốn bắt đầu, cậu cứ ghé lại.
mira_visit|Chào bạn. Hale bảo bạn vừa bắt đầu chuyến đi. Bạn muốn mình kiểm tra sức khỏe cho đội Pokémon chứ?|Có cần chúng bị thương mới đến đây không?|Không đâu. Mình có thể kiểm tra cả đội ngay cả khi chúng đang khỏe. Chỉ cần đợi trận đấu kết thúc nếu bạn đang thi đấu.|Nhờ Mira kiểm tra đội giúp tôi.|Không sao. Nếu đội cần chăm sóc, bạn cứ quay lại.
ren_supplies|Bạn cần Poké Ball hay thuốc hồi phục? Cứ xem giá trước, không nhất thiết phải mua hôm nay.|Không mua thì có lỡ việc gặp Mara không?|Không. Mara ở sân tập, chẳng cần hóa đơn của tôi để nhận lời thách đấu. Tôi chỉ bán đồ đi đường thôi.|Cho tôi xem quầy hàng.|Được. Tôi vẫn ở đây nếu bạn cần bổ sung đồ sau này.
lan_errand|Cháu gặp Hale chưa? Ông ấy lại để bữa trưa trên bàn nhà cô. Cô muốn nhờ cháu mang ít táo qua cho ông ấy.|Tôi cần mang bao nhiêu quả táo?|Ba quả là đủ. Đưa tận tay ông ấy giúp cô nhé, không ông ấy lại quên cạnh chồng sách.|Tôi sẽ mang ba quả táo sang.|Ừ, khi nào cháu tiện thì giúp cô. Cô sẽ tìm cách nhắc ông ấy nữa.
hale_lunch|Táo của Lan phải không? Ta cứ nghĩ mình mới ngồi đọc được một lát. Cảm ơn cậu đã mang sang.|Sau đây tôi gặp Mara ở đâu?|Ở sân tập. Cô ấy đã hỏi cậu đến chưa. Cứ mang đội mà cậu hiểu rõ nhất; chưa cần một đội thật đông.|Đây là ba quả táo Lan nhờ tôi đưa.|Nếu chưa mang đủ, cậu cứ quay lại sau. Ta sẽ ăn phần ở đây trước.
mara_intro|Cậu là người Hale nhắc đến? Tôi là Mara. Tôi muốn đấu với cậu một trận, nếu cậu có thời gian chuẩn bị đội.|Cậu muốn kiểm tra điều gì trong trận này?|Tôi muốn biết cậu chọn nước đi thế nào khi kế hoạch ban đầu không còn dùng được. Và tôi cũng muốn thắng. Không có gì phức tạp hơn thế.|Tôi sẽ chuẩn bị đội rồi thách đấu cậu.|Được. Tôi tập ở đây; cậu chưa muốn đấu thì cứ nói thẳng.
mara_first|Đội sẵn sàng chưa? Tôi đã chuẩn bị xong. Cậu muốn bắt đầu trận đấu không?|Nếu tôi thua, chúng ta có thể đấu lại chứ?|Có. Chữa cho đội rồi quay lại. Tôi sẽ không coi một trận thua là lý do để cậu bỏ cuộc hẹn này.|Sẵn sàng. Bắt đầu thôi.|Được, tôi đợi. Đừng nhận lời khi đội chưa sẵn sàng.
field_fault|Nhật ký sân tập ghi hai thời điểm kết thúc cách nhau một giây. Video chỉ ghi một trận.|Có dấu hiệu nào cho thấy đây không chỉ là lỗi đồng hồ?|Một tài khoản cũ đã xác nhận kết quả trước khi trận kết thúc. Ngày tạo tài khoản còn sớm hơn ngày mở sân. Cần giữ nguyên bản ghi để đối chiếu.|Tôi giữ bản ghi này và mang cho Hale.|Bạn có thể đọc lại bản ghi khi muốn đối chiếu.
hale_fault|Mã xác nhận này... ta nhận ra cấu trúc của nó. Chưa đủ để kết luận ai đã gửi, nhưng Orin có bản sao hồ sơ cũ.|Vì sao ông muốn tôi gặp Orin?|Ông ấy giữ hồ sơ độc lập ở thị trấn thứ hai. Hai bản sao sẽ cho ta biết lỗi nằm ở đâu. Đừng sửa bản cậu đang giữ, kể cả khi có người nhắn bảo sửa.|Tôi sẽ mang bản gốc đến Orin.|Được. Cứ giữ bản gốc an toàn; ta chưa muốn cậu đi vội.
unknown_first|Có người nhờ bác chuyển tin này cho cháu. Bác đã hỏi tên, nhưng họ chỉ nói: “Hale sẽ hiểu.”|Người đó nhắn gì?|“Đừng sửa nhật ký. Giữ bản gốc. Lần trước họ đã sửa cả tên người thắng.” Điện thoại chỉ hiện ba dấu hỏi. Cháu cho Mara xem nữa nhé.|Tôi sẽ cho Mara xem tin nhắn.|Ừ. Bác giữ lại lời nhắn, cháu không cần trả lời người đó ngay.
mara_aftermath|Tôi đã đọc tin nhắn. Người đó biết chuyện nhật ký, nhưng như thế chưa đủ để tin họ. Tôi sẽ giữ một bản riêng.|Cậu sẽ làm gì khi tôi đến gặp Orin?|Tôi đối chiếu bản ở sân. Nếu bản của tôi đổi trong lúc cậu đi, chúng ta sẽ biết. Có gì mới thì báo nhau qua điện thoại.|Được. Tôi đi gặp Orin và sẽ báo cậu.|Cứ chuẩn bị đã. Tôi vẫn giữ bản này, không gửi cho người lạ.
orin_arrival|Bạn tìm Orin à? Ông ấy đang hỏi về một cuốn sổ kết quả giải đấu bị mang khỏi thư viện.|Tôi có thể xem dấu mượn ở đâu?|Trên bàn đọc còn bản sao danh sách mượn. Bạn xem ngày và đơn vị nhận sách trước khi nói chuyện với ông ấy.|Tôi sẽ kiểm tra danh sách trên bàn đọc.|Được. Tôi để bản sao trên bàn, bạn có thể xem sau.
orin_records|Bảy cuốn sách được mượn cùng ngày bởi một đơn vị của League. Trong ảnh trao giải, một dòng tên đã bị cắt bỏ.|Chữ ký này có liên quan đến bản ghi ở sân tập không?|Cấu trúc chữ ký xác nhận giống nhau. Đó là điều có thể đối chiếu; danh tính người bị cắt khỏi ảnh vẫn chưa rõ.|Tôi sẽ đưa phần chữ ký cho Orin kiểm tra.|Bản sao vẫn còn ở đây để bạn kiểm tra lại.
orin_challenge|Tôi đã xem bản ghi của cậu. Trước khi bàn kết luận, tôi muốn xem cậu xử lý một tình huống thay đổi liên tục.|Ông muốn dùng trận đấu làm ví dụ à?|Đúng. Đội của tôi dùng trạng thái và đổi Pokémon. Hãy quan sát cả những lượt không gây sát thương. Chúng ta bàn bản ghi sau trận.|Tôi đồng ý. Xin bắt đầu trận đấu.|Được. Chuẩn bị đội trước; chúng ta chưa cần bắt đầu ngay.
orin_summary|Hai kho độc lập có cùng dấu sửa, dù lịch lưu không trùng nhau. Người sửa đã biết những bản nào sẽ được đem đối chiếu.|Hale có biết những bản này đã bị sửa không?|Hale muốn giữ kín hồ sơ để ngăn người khác dùng lại hệ thống. Tôi phản đối, nhưng cũng không đưa bản sao ra ngoài. Cậu nên đòi chứng cứ từ cả hai chúng tôi. Rook giữ thẻ truy cập kho vận cũ; đó là đầu mối tiếp theo.|Tôi sẽ tìm Rook và kiểm tra thẻ truy cập.|Được. Cậu có thể đọc lại những phần đã đối chiếu trước khi đi.
rook_contact|Tôi giao cho Rook mấy kiện có cùng dấu thẻ đen. Ông ấy bảo đó là hàng thường, nhưng toàn nhận sau giờ đóng kho.|Có giấy tờ nào để kiểm tra lời ông ấy không?|Kho còn hóa đơn của một chuyến. Xem nó trước rồi hãy hỏi Rook; ông ấy trả lời kỹ hơn khi biết người hỏi đã đọc giấy tờ.|Tôi sẽ xem hóa đơn ở kho.|Được. Hóa đơn vẫn còn, tôi không giao nó đi đâu.
black_invoice|Thẻ đen vốn cấp quyền vận chuyển khẩn cấp cho Warden. Chuyến hàng này được mở sau giờ đóng kho, dưới tên người không có ca trực.|Chuyến hàng được chuyển tới đâu?|Một kho mang tên công ty vận tải ở thị trấn thứ sáu. Dấu nhận hàng liên quan đến Rocket. Rook cần giải thích vì sao thẻ của ông ấy được dùng ở đó.|Tôi sẽ mang hóa đơn này hỏi Rook.|Bạn có thể đối chiếu thêm trước khi đưa ra kết luận.
rook_battle|Cậu đọc hóa đơn rồi à? Tôi có giữ thẻ. Muốn tôi giao nó, cậu phải cho tôi thấy cậu giữ nổi thứ này khi có người đòi lại.|Tại sao phải đấu để nhận thẻ?|Người ở kho sẽ không nhường đường chỉ vì cậu cầm giấy tờ. Tôi muốn biết cậu có thể đưa đội ra khỏi đó. Thắng trận này, tôi giao thẻ và nói phần tôi biết.|Tôi nhận lời. Bắt đầu đi.|Được. Thẻ vẫn ở chỗ tôi; cậu chưa muốn đấu thì không cần giả vờ.
rook_warning|Hóa đơn mới tuần trước. Selene lại nói kho đã đóng từ lâu. Tôi chưa biết ai đang kể thiếu phần nào.|Iris có liên quan đến chuyến hàng không?|Cô ấy từng nhờ tôi chuyển một bản sao hồ sơ ra ngoài. Tôi vẫn giữ biên nhận. Gặp Selene và kiểm tra chuyến xe trước khi quy chuyện này cho cô ấy.|Tôi sẽ đối chiếu chuyến xe với Selene.|Cứ đọc biên nhận đã. Tôi chưa cần cậu kết luận ngay.
selene_local|Một xe League vào đây ban đêm. Sáng hôm sau lá cây sát đường bị cháy. Selene nói xe chở thuốc, nên tôi giữ lại sổ cổng.|Ai đã cho chuyến xe vào?|Selene ký giấy. Nhưng giấy vào cổng chỉ ghi chuyến thuốc, không ghi thứ thực sự có trên xe. Bạn xem cả lệnh giao hàng nữa.|Tôi sẽ kiểm tra sổ ở chòi bảo vệ.|Được. Sổ vẫn ở chòi, tôi chưa giao cho ai.
selene_log|Giấy của Selene ghi thuốc. Lệnh giao hàng lại bị đổi thành thiết bị lưu hồ sơ, bằng dấu xác nhận từ văn phòng League.|Vậy chữ ký của Selene không chứng minh cô ấy đổi hàng?|Đúng. Nó chỉ chứng minh cô ấy duyệt chuyến thuốc ban đầu. Rook nói đúng về chiếc xe; Selene có thể nói đúng về lô hàng cô ấy được báo.|Tôi sẽ hỏi Selene về lệnh đã bị đổi.|Giữ cả hai giấy tờ để tránh nhầm chuyến xe với món hàng.
selene_battle|Cậu mang đủ hai bản giấy tờ. Tốt. Tôi sẽ giúp truy lệnh sửa, nhưng trước hết tôi muốn biết cậu có thể bảo vệ bản gốc.|Cô vẫn chưa tin tôi à?|Tôi tin cậu đã chịu kiểm tra. Còn ở kho, người ta sẽ gây áp lực để cậu bỏ thứ đang giữ. Trận này cho tôi biết cậu xử lý áp lực thế nào.|Vậy chúng ta đấu một trận.|Được. Tôi không coi việc cậu cần chuẩn bị là từ chối giúp điều tra.
selene_aftermath|Tôi sẽ gửi nhật ký cho Mara. Warden quản lý quyền mở kho khẩn cấp; nếu thẻ bị sao chép, họ cần biết.|Tôi cần mang gì khi gặp Warden?|Mang bản lệnh sửa và dấu thẻ. Đừng gọi thẻ là bằng chứng mọi Warden có lỗi. Trước mắt, nó cho thấy quyền truy cập đã bị dùng sai.|Tôi sẽ mang chứng cứ đến trạm Warden.|Được. Tôi giữ một bản sao để chuyến đi này không làm mất đầu mối.
warden_ranger|Pokémon tránh đoạn đường mỗi lần chiếc xe ấy tới. Chúng không tránh người đi bộ; tôi muốn kiểm tra thứ xe đang chở.|Trạm có ghi lại những lần xe tới không?|Có, trên bảng trực. Đọc ngày giờ rồi báo Warden. Tôi cần một tuyến cứu hộ an toàn, không chỉ một lời đồn về chiếc xe.|Tôi sẽ đối chiếu bảng trực.|Được. Tôi đánh dấu những ngày đó để bạn đọc sau.
warden_log|Ba lệnh mở kho mang tên một nhân viên đã nghỉ từ nhiều năm trước. Tài khoản của người đó vẫn được chấp nhận.|Warden có thể khóa quyền này ngay không?|Có thể thu hồi tài khoản, nhưng kho vẫn phải mở cho cứu hộ. Cần chỉ rõ quyền bị lạm dụng để không cắt đường tiếp tế của cả trạm.|Tôi sẽ báo Warden tài khoản cần kiểm tra.|Bạn có thể đọc lại các lệnh trước khi báo.
warden_six|Ta sẽ thu hồi tài khoản cũ. Còn cậu, nếu muốn vào kho điều tra, ta phải biết cậu đưa được đội của mình về.|Bài thử của ông tập trung vào điều gì?|Giữ đội còn sức chiến đấu khi bị ép đổi Pokémon. Quyền vào kho không cho phép cậu phá thiết bị hay đuổi theo mọi người một mình.|Tôi sẵn sàng nhận bài thử.|Được. Chuẩn bị đội rồi quay lại; quyền điều tra chưa cần cấp vội.
warden_orders|Rocket thuê kho dưới tên công ty vận tải. Đức làm ca đêm ở đó; anh ấy có thể chỉ cửa vào mà không khiến cả kho báo động.|Nếu gặp Iris trong kho, tôi nên làm gì trước?|Đưa cô ấy ra nơi an toàn. Giữ chứng cứ nếu có thể, nhưng không để một người ở lại chỉ để mang thêm máy móc về.|Tôi sẽ gặp Đức trước khi vào kho.|Được. Ta giữ bản sao hồ sơ ở trạm trong lúc cậu chuẩn bị.
rocket_informant|Tôi nghe tiếng đấu Pokémon dưới kho. Sáng ra sổ ca lại ghi tầng hầm không hoạt động. Vex xem sổ đó mỗi ngày.|Có cách nào xác định đường xuống không?|Cửa phụ nhận thẻ đen. Bảng giao hàng ghi những kiện được đưa xuống tầng hầm. Xem nó trước khi đi qua các chốt.|Tôi sẽ kiểm tra bảng giao hàng.|Được. Tôi chưa dẫn ai xuống đó, cậu cứ chuẩn bị trước.
rocket_route|Máy sao chép dữ liệu được ghi là hàng dễ vỡ. Tầng hầm dùng đường điện riêng và có ba chốt kiểm tra.|Thẻ đen có mở được cả ba chốt không?|Không. Nó chỉ đủ vào cửa phụ. Sau đó lính gác vẫn kiểm tra người đi qua. Bản giao hàng chỉ ra lối đến phòng Iris.|Tôi sẽ đi theo lối trên bản giao hàng.|Bạn có thể đọc lại đường đi trước khi vào.
rocket_guard1|Thẻ được chấp nhận. Người cầm thẻ thì chưa. Tôi được lệnh không để người lạ qua chốt này.|Anh có biết người ở dưới kho đang bị giữ không?|Tôi biết có phòng cấm vào. Tôi không được xem danh sách người bên trong. Muốn qua chốt thì cậu phải thắng tôi.|Tôi sẽ đấu để qua chốt.|Vậy đứng ngoài chốt. Tôi không đuổi theo người chưa bước vào.
rocket_overhear|Vex: “Giữ lịch sử trận đấu. Xóa tên người tham gia.” Iris: “Dữ liệu lỗi sẽ khiến Pokémon bị nhận nhầm.”|Vex dùng bản ghi để làm gì?|Rocket đang giả quyền truy cập rồi bán nó như thẻ hợp lệ. Một hồ sơ bị xóa lặp lại có tên bắt đầu bằng chữ T. Iris đang bị ép sửa những dữ liệu này.|Tôi sẽ tìm đường đến phòng Iris.|Bạn vẫn có thể nghe lại đoạn trao đổi trước khi đi.
rocket_guard2|Chốt đầu để cậu qua rồi à? Tôi chưa nhận lệnh cho người ngoài vào khu máy.|Anh đang chờ lệnh của ai?|Vex. Trong lúc chờ, tôi giữ cậu ở đây. Đội của tôi không cần kết thúc nhanh; chỉ cần cậu không bước qua cửa.|Tôi nhận trận đấu. Để xem anh giữ được bao lâu.|Được. Cậu đứng lại thì tôi chưa cần bắt đầu.
rocket_guard3|Sau cửa này là khu không có trên bản đồ khách. Cậu đã tới đây thì chắc không đi nhầm.|Iris có ở phía sau cửa không?|Cô ấy làm việc bên kia, dưới sự giám sát của Vex. Tôi giữ cửa. Cậu thắng tôi mới vào được.|Tôi sẽ đấu để mở đường.|Nếu cậu lùi lại, trận này chưa bắt đầu.
rocket_vex|League đã xóa những cái tên này trước khi tôi tìm được chúng. Cậu đến bắt tôi trả lời, vậy cậu có hỏi họ cùng câu đó không?|Việc League làm sai cho cô quyền giữ Iris sao?|Không. Tôi cần cô ấy vận hành máy, và tôi đã giữ cô ấy lại. Cậu muốn đưa người và hồ sơ ra khỏi đây thì phải thắng tôi trước.|Tôi sẽ đánh bại cô và đưa Iris ra.|Cậu chưa muốn đấu thì dừng ở đó. Tôi chưa giao quyền truy cập cho cậu.
iris_rescue|Tôi từng sửa báo cáo để nhóm nghiên cứu không bị đóng cửa. Rocket tìm ra bản gốc rồi dùng nó ép tôi làm tiếp. Tôi không vô can.|Cô đã giữ lại chứng cứ nào?|Một máy đọc riêng chứa bản chưa bị sửa. Lấy bản đó rồi chúng ta ra cửa giao hàng. Tôi sẽ giải thích phần mình đã làm bằng chính bản gốc.|Tôi sẽ lấy bản gốc và đưa cô ra.|Được. Tôi giữ máy đọc ở đây; đừng tự tay xóa dữ liệu.
iris_terminal|Trong bản gốc, tên huấn luyện viên bị xóa là TOBA. Có chữ ký của Hale, Aurelia và một người thuộc School of Wolf.|Những chữ ký đó cho biết ai đã ra lệnh xóa tên không?|Chưa. Hồ sơ không ghi lý do. Tôi giữ bản sao, cậu giữ bản gốc. Marlow biết hệ thống lưu trữ trước League hiện tại; hãy nhờ ông ấy đối chiếu.|Tôi sẽ mang bản gốc đến Marlow.|Giữ nguyên bản này khi muốn kiểm tra thêm.
marlow_account|Ảnh giấy và bản số cùng thiếu một người. Tuy vậy, ảnh cũ còn dấu ép chữ mà bản quét bỏ qua.|Ông đọc được gì từ dấu trên ảnh?|Thẻ đen là mẫu cứu hộ cũ, không phải phát minh của Rocket. Dấu ngày dưới ảnh có thể nối hồ sơ bị xóa với chuyến cứu hộ năm đó.|Tôi sẽ xem bản ảnh cũ.|Được. Ta để bản ảnh ở chỗ đối chiếu, không mang nó đi đâu.
marlow_photo|TOBA đứng cạnh Hale trong đội cứu hộ. Ngày trên ảnh trùng với một sự cố mà hồ sơ League gọi là diễn tập.|Ai có thể xác nhận chuyện đã xảy ra tại đó?|Seventh Warden giữ khu vực ấy. Ông ấy có quyền cấp tiếp cận sau bài kiểm tra an toàn. Ảnh này là đầu mối để hỏi, chưa phải toàn bộ câu trả lời.|Tôi sẽ mang đầu mối đến Seventh Warden.|Bạn có thể đối chiếu thêm ảnh trước khi đi.
warden_seven|Ta biết hồ sơ có phần bị giấu. Ta cũng biết khu vực đó vẫn nguy hiểm. Muốn vào, cậu cần vượt bài thử của ta.|Sau bài thử, tôi nên gặp ai để đọc hồ sơ cứu hộ?|Liora ở cảng thị trấn tám giữ hồ sơ chuyến tàu cuối. Mang ảnh và ngày sự cố, đừng chỉ mang một câu chuyện nghe được.|Tôi sẵn sàng đấu để nhận quyền tiếp cận.|Được. Ta chưa cấp quyền cho người chưa sẵn sàng.
liora_harbour|Cho tôi xem ảnh và ngày trên hồ sơ. Nếu cậu muốn đọc danh sách cứu hộ, tôi cần biết cậu đang đối chiếu chuyến nào.|Danh sách gốc còn ở cảng không?|Còn trên bảng điều hành. Tàu trở về thiếu một người. Đọc danh sách trước; Dorian sẽ tiếp cậu ở vòng loại cuối sau đó.|Tôi sẽ đối chiếu danh sách trên bảng.|Được. Hồ sơ được giữ ở cảng, cậu không cần vội.
harbour_manifest|Bản gốc ghi TOBA không lên tàu. Bản công khai đổi thành không tham gia chuyến cứu hộ.|Hai cách ghi này làm mất thông tin gì?|Bản công khai xóa việc TOBA đã đi cùng đội. Liora không có quyền mở hồ sơ tầng sâu; Battle Tower giữ bản xác nhận cuối. Vòng loại của Dorian là bước tiếp theo để vào đó.|Tôi sẽ gặp Dorian và tiếp tục đối chiếu.|Giữ cả hai cách ghi để không đánh đồng chúng.
dorian_qualifier|Liora đã gửi hồ sơ của cậu. Vòng cảng là chặng cuối trước Battle Tower. Đội mưa của tôi sẵn sàng.|Ông muốn kiểm tra điều gì qua đội mưa?|Cách cậu giữ đội khi thời tiết đổi và không để một Pokémon gánh cả trận. Qua vòng này, cậu được vào nơi giữ bản xác nhận trận cuối.|Tôi nhận thử thách. Bắt đầu thôi.|Được. Chuẩn bị trước; tôi vẫn giữ lượt thử của cậu.
false_victory|Cậu qua vòng cuối rồi. Chúc mừng. Tôi vừa nhận một xác nhận mới cho hồ sơ của cậu, và có chỗ rất lạ.|Xác nhận đó có vấn đề gì?|Nó mang chữ ký TOBA, đề ngày hôm nay. Người mất tích đang được hệ thống ghi nhận như người duyệt kết quả. Battle Tower phải giải thích được chữ ký này.|Tôi sẽ mang xác nhận đến Battle Tower.|Cứ xem lại chữ ký đã. Tôi giữ thêm một bản cho cậu.
tower_entry|Hồ sơ vòng loại hợp lệ. Bạn sẽ gặp Rowan, Nyx rồi Orion. Mỗi người giữ một bản xác nhận của hệ thống cũ.|Tôi có thể đọc các bản đó ngay không?|Các bản thuộc hồ sơ bài thử. Bạn cần hoàn thành từng trận theo thứ tự để được mở bản kế tiếp. Tôi đã ghi lượt của bạn.|Tôi sẽ bắt đầu với Rowan.|Được. Lượt của bạn vẫn được giữ khi quay lại.
tower_rowan|Bản tôi giữ ghi TOBA là người thắng. Bản công khai không có trận đó. Muốn đọc đủ hồ sơ, cậu cần qua bài thử của tôi.|Bài thử của anh khác vòng trước thế nào?|Tôi xem cách cậu chuẩn bị cho lượt sau. Một nước đi tốt cần để đội còn chỗ xử lý khi đối thủ đổi kế hoạch.|Tôi sẵn sàng đấu.|Được. Hồ sơ này chưa đi đâu, cậu cứ chuẩn bị.
tower_nyx|Bản của tôi tính đủ điểm cho trận TOBA. League lại ghi trận bị hủy. Tôi sẽ cho cậu đối chiếu sau bài thử nhịp đấu.|Cô muốn tôi chú ý điều gì về nhịp đấu?|Đừng đánh chỉ vì lượt đến. Đội tôi có thể đổi thứ tự hành động; cậu cần nhận ra lúc nào việc chờ lại có lợi.|Tôi nhận bài thử của cô.|Được. Tôi chưa tính thời gian khi cậu còn chuẩn bị.
tower_orion|Lệnh Aurelia ký là giữ kín hồ sơ. Trong bản công khai, nó trở thành xóa hồ sơ. Cậu cần phân biệt hai quyết định ấy.|Anh có biết ai đã đổi lệnh không?|Chưa đủ chứng cứ để chỉ tên. Qua bài thử này, cậu được mang bản lệnh đến hỏi Aurelia trực tiếp.|Tôi sẽ đấu để mở hồ sơ tiếp theo.|Được. Cứ giữ câu hỏi đó; nó không mất giá trị vì cậu cần chuẩn bị.
league_entry|Aurelia đã nhận được yêu cầu đối chiếu của bạn. Hồ sơ sẽ được giữ nguyên, kể cả những phần văn phòng này phải giải trình.|Tôi cần gặp những ai trước Aurelia?|Cassian, Seraph và Kael, theo thứ tự. Họ giữ lời chứng riêng về thử nghiệm cũ. Sau ba trận, Champion sẽ tiếp bạn.|Tôi bắt đầu với Cassian.|Được. Chúng tôi giữ yêu cầu của bạn trong hồ sơ.
elite_cassian|Tôi có mặt trong nhóm đã lưu kết quả của TOBA. Trận đấu vẫn được giữ, nhưng tên anh ấy biến mất khỏi danh sách.|Vì sao kết quả còn mà người tham gia lại bị xóa?|Hệ thống cứu hộ cần kết quả để chạy tiếp. Khi không xác định được TOBA còn sống hay không, chúng tôi đã để việc xóa tên xảy ra. Tôi sẽ đưa phần hồ sơ mình giữ sau trận.|Tôi nhận trận đấu của ông.|Được. Tôi vẫn phải trả lời câu hỏi đó khi cậu quay lại.
elite_seraph|Tôi từng viết những văn bản này. Có những câu không sai chữ nào mà vẫn giấu đúng điều người đọc cần biết.|Cô đã đổi lệnh giữ kín thành lệnh xóa sao?|Văn phòng đã đổi lệnh. Tôi có phần trách nhiệm trong đường chuyển hồ sơ, nhưng chưa thể chứng minh Aurelia không biết. Qua trận này, cậu nhận được bản đối chiếu của tôi.|Tôi sẽ đấu và giữ bản đối chiếu.|Được. Tôi chưa coi việc cậu tạm dừng là bỏ câu hỏi.
elite_kael|Tôi rời phòng thử cùng nhóm. TOBA ở lại giữ đội Pokémon sống. Lời kể của những người đã về không đủ để thay anh ấy nói.|Khi rút đi, ông có biết TOBA còn ở trong không?|Có. Vargan phản đối đóng kho; Aurelia chọn giữ kín. Tôi đã kể quá ít về việc mình biết anh ấy ở lại. Sau trận, tôi sẽ ghi lời chứng bằng tên mình.|Tôi nhận trận đấu. Sau đó tôi muốn nghe đủ lời chứng.|Được. Tôi giữ lời, dù cậu cần thêm thời gian.
champion_aurelia|Ta đã nghe từ Hale, Mara và Iris. Cậu mang đến đủ hồ sơ để ta không thể trả lời bằng một lời hẹn nữa.|Bà có trả lời về TOBA sau trận này không?|Có. Ta sẽ nói phần mình biết và phần mình đã quyết định, bằng tên mình. Trước đó, cậu phải hoàn thành trận Champion.|Tôi sẵn sàng đấu với bà.|Được. Cậu có thể chuẩn bị; hồ sơ của cậu không bị đóng lại.
aurelia_aftermath|Ta ký giữ kín để ngăn thử nghiệm bị lặp lại. Khi hồ sơ chuyển thành xóa, ta biết. Ta đã để nó tiếp tục.|Vậy Vargan còn giữ điều gì mà bà chưa cho tôi xem?|Bản gốc tại School of Wolf. Ta đã chọn im lặng thay vì thừa nhận người bị bỏ lại. Cậu có quyền đọc bản đó và hỏi Vargan; ta phải công khai phần của mình.|Tôi sẽ đến School of Wolf đọc bản gốc.|Được. Quyền đọc của cậu vẫn còn, dù cậu chưa đi ngay.
wolf_bran|Giấy giới thiệu hợp lệ. Trước khi vào kho, cậu cần qua các bài thử cứu hộ của School. Ta sẽ chỉ rõ thứ tự.|Các bài thử gồm những gì?|Fen kiểm tra kỷ luật, Skoll kiểm tra quan sát đường và Hati kiểm tra chuẩn bị cứu hộ. Phần vật tư được dùng cho trạm, không phải tiền vào cổng.|Tôi sẽ bắt đầu với Fen.|Được. Ta giữ giấy giới thiệu, cậu quay lại khi sẵn sàng.
wolf_fen|Muốn giữ đội trong một cuộc cứu hộ, cậu phải biết lúc nào nên dừng tấn công. Ta bắt đầu bằng một trận đấu.|Sau trận tôi cần làm gì?|Đọc dấu đường của Skoll trước khi nhận bài thử tiếp. Quan sát ngoài đường và quan sát trong trận là hai phần của cùng việc chuẩn bị.|Tôi sẵn sàng nhận bài thử.|Được. Hãy chuẩn bị đội; ta chưa bắt đầu khi cậu chưa nhận lời.
wolf_track|Dấu giày quay trở lại, còn dấu Pokémon đi tiếp. Nhóm cứu hộ đã mất liên lạc tại đây.|Dấu này có chứng minh người phía trước muốn ở lại không?|Không. Nó chỉ cho thấy nhóm quay đầu khi không còn nhận được trả lời. Skoll muốn cậu phân biệt điều nhìn thấy với điều tự suy ra.|Tôi sẽ mang nhận xét này đến Skoll.|Bạn có thể quan sát dấu đường thêm trước khi trả lời.
wolf_skoll|Cậu đã đọc dấu đường. Giờ tôi muốn xem cậu quan sát đối thủ khi không có thời gian dừng lại.|Tôi cần chú ý những dấu hiệu nào?|Những lần đổi Pokémon, đòn đã dùng và Pokémon đối thủ đang muốn giữ lại. Tôi dùng đổi nhịp; cậu không cần đoán, nhưng phải nhớ những gì đã thấy.|Tôi sẵn sàng đấu.|Được. Quan sát đội mình trước cũng là một phần chuẩn bị.
wolf_supply|Trạm cần vật tư cho chuyến cứu hộ kế tiếp. Tôi muốn người nhận bài thử hiểu phần chuẩn bị này trước khi đấu.|Số vật tư này có được dùng thật không?|Có. Chúng được đưa vào kho cứu hộ, không trả lại sau cuộc nói chuyện. Xem danh sách trên điện thoại và chỉ giao khi đã chuẩn bị đủ.|Tôi giao phần vật tư theo danh sách.|Được. Chưa đủ thì cậu quay lại sau, đừng lấy vật tư của đội khác.
wolf_hati|Vật tư đã được nhận. Bây giờ là phần giữ đội còn sức khi phải đi nhanh. Cậu muốn bắt đầu bài thử chứ?|Bài thử này khác Skoll thế nào?|Tôi gây áp lực bằng tốc độ. Cậu phải chọn điều cần làm trước, thay vì cố xử lý mọi thứ trong một lượt. Qua đây rồi cậu gặp Vargan.|Tôi nhận bài thử. Bắt đầu thôi.|Được. Vật tư đã được ghi nhận; cậu chưa cần giao lại khi quay lại.
wolf_vargan|Ta đã xem kết quả ba bài thử. Kho ở sau cửa này. Cậu còn một trận với ta trước khi được vào.|Thắng trận này có cho tôi đọc toàn bộ bản gốc không?|Có. Ba bản ghi được giữ riêng, cậu đọc cả ba. Ta không chọn hộ phần nào cậu được biết.|Tôi sẵn sàng đấu với ông.|Được. Cửa vẫn ở đây; chuẩn bị cho đội trước.
archive_record1|TOBA tự nguyện đưa đội vào phòng thử để cứu Pokémon mắc kẹt. Hồ sơ không có lệnh buộc anh ấy làm việc đó.|Hale đã cam kết điều gì trước khi TOBA vào?|“Tôi hứa giữ đường về.” Bản ghi dừng ngay sau khi hệ thống mất kết nối. Hai bản còn lại ghi những gì diễn ra sau thời điểm ấy.|Tôi đọc tiếp bản ghi thứ hai.|Bạn có thể đọc lại lời cam kết trước khi sang bản kế tiếp.
archive_record2|Bản này giữ hai thời điểm của trận cuối. Bản công khai chỉ giữ một, giống bất thường từng xuất hiện ở sân tập.|TOBA còn gửi lệnh sau khi nhóm rút không?|Có, các lệnh cứu hộ vẫn tới. Không ai xác minh anh ấy còn sống; hồ sơ cũng không chứng minh anh ấy đã chết.|Tôi sẽ đọc bản lệnh lưu trữ cuối cùng.|Giữ hai thời điểm để đối chiếu khi đọc tiếp.
archive_record3|Aurelia ký giữ kín. Văn phòng chuyển thành xóa. Vargan giữ bản gốc. Hale nhận bản sửa và không lên tiếng.|Tôi cần hỏi Hale về phần nào của bản này?|Vì sao ông ấy nhận bản sửa mà không đòi kiểm tra đường về đã hứa với TOBA. Hồ sơ cho thấy quyết định của từng người, không chỉ một thủ phạm duy nhất.|Tôi sẽ đưa bản này hỏi Hale.|Bạn có thể đối chiếu lại cả ba bản trước khi hỏi.
archive_hale|Ta nghĩ chờ thêm một ngày sẽ có câu trả lời chắc chắn. Rồi ta chờ tiếp. Cuối cùng ta sống như thể lời hứa đó không còn ai đòi.|Ông có định tìm lại TOBA cùng chúng tôi không?|Có. Ta sẽ gọi Mara, Aurelia và Orin, rồi mở lại đường đối chiếu. Nếu người nhắn là TOBA, ta phải nghe anh ấy, không để cậu nghe một mình.|Tôi sẽ giữ liên lạc và đi cùng nhóm.|Được. Ta vẫn chuẩn bị phần của mình; không đẩy cậu đi thay ta nữa.
final_unknown|Người gửi gọi qua máy trực: “Tôi biết cậu đã đọc. Tôi muốn cậu nghe phần còn lại từ tôi.”|Nhóm đã kiểm tra người gửi chưa?|Orin xác nhận chữ ký khớp. Mara giữ liên lạc, Aurelia đã được báo. Điểm hẹn được lưu trên điện thoại; chưa ai kết luận người ở đó là ai.|Tôi sẽ đến điểm hẹn và giữ liên lạc.|Bạn có thể chuẩn bị trước; nhóm chưa mất liên lạc với người gửi.
final_confrontation|Cậu giữ bản gốc. Tôi đã giúp cậu, giấu cậu vài điều và nhờ cậu mở những cửa tôi không thể tự mở.|Anh có phải TOBA không?|Sau trận này tôi sẽ trả lời bằng tên mình. Tôi muốn kết quả có cả hai người tham gia, không thêm một xác nhận bị sửa nữa.|Tôi nhận trận đấu, với bản ghi được giữ nguyên.|Được. Tôi không sửa bản cậu đang giữ. Chuẩn bị đội rồi quay lại.
final_explanation|Tên tôi là TOBA. Đội Pokémon đã đưa tôi qua cửa cứu hộ phụ. Tôi sống, nhưng hệ thống coi mọi yêu cầu trở về của tôi là giả mạo.|Vì sao anh nhờ cả Rocket mở lại hệ thống?|Tôi giữ bản sao cũ và chèn xác nhận khi cửa mở. Rocket muốn bán quyền truy cập; tôi lợi dụng họ để mở đường. Tôi cũng đã lợi dụng cậu, và không định gọi điều đó là vô can.|Tôi sẽ đưa lời anh kể về cho nhóm.|Được. Cậu có quyền đối chiếu lời tôi với bản gốc trước khi tin.
final_choice|Ta sẽ khôi phục tên TOBA, giữ chứng cứ Rocket và công khai lệnh cũ. Nhưng ta không thể yêu cầu cậu coi như mọi chuyện đã được giải quyết.|Ai sẽ đứng tên làm chứng và giữ hồ sơ?|Iris làm chứng. Rook giao bản sao, Vargan mở kho cho đội điều tra. Ta đứng tên giải trình lệnh cũ. TOBA không phải tự chứng minh mình tồn tại thêm lần nữa.|Tôi đồng ý giữ lời chứng trong hồ sơ công khai.|Được. Cậu chưa muốn xác nhận thì có thể đọc lại; ta vẫn phải thực hiện phần đã hứa.
epilogue_hale|Ta nhận được tin TOBA rồi. Anh ấy ký tên đầy đủ. Còn cậu, hôm nay có định về ăn tối không?|Mọi người sẽ làm gì sau cuộc điều tra?|Iris cần chỗ làm việc mới. Orin đang đối chiếu báo cáo, Mara thì hẹn tập tiếp. Ta muốn cả nhóm gặp nhau ngoài những lúc có việc khẩn cấp.|Tôi sẽ về ăn tối. Lần này ông cũng nghỉ nhé.|Được. Khi nào tiện thì ghé; ta sẽ không biến bữa tối thành một cuộc họp.
epilogue_mara|Tôi đã xếp lại đội. Nhưng trận sau để hôm khác. Cậu vừa đi cả một chặng dài rồi.|Chúng ta vẫn sẽ đấu lại chứ?|Có. Cậu chọn ngày rồi nhắn tôi. Hôm nay Hale đang đợi bữa tối, tôi cũng không muốn bỏ thêm một cuộc hẹn.|Tôi sẽ nhắn cậu để hẹn trận sau.|Được. Cứ nghỉ trước, tôi chưa mang đội đi đâu.
