# actor | victory opening | loss opening | response to thanks | response to recovery/retry
mara_voss|Cậu thắng. Tôi muốn xem lại đoạn cuối, nhưng kết quả trận này rõ rồi.|Tôi thắng trận này. Cậu đổi đội hơi muộn khi tôi đã giữ được nhịp.|Cảm ơn cậu. Tôi sẽ chuẩn bị cho trận sau, không sửa lời nhận thua của mình.|Chữa cho đội trước. Khi cậu sẵn sàng, tôi vẫn nhận lời thách đấu.
dr_orin|Cậu đã xử lý được khi trạng thái làm kế hoạch đầu tiên không còn dùng được.|Trận này tôi thắng. Cậu tập trung vào sát thương và để trạng thái kéo dài quá lâu.|Cảm ơn cậu đã kiểm chứng bằng trận đấu. Tôi sẽ cùng cậu đối chiếu lượt quan trọng.|Được. Hồi phục rồi thử đổi cách xử lý trạng thái trước khi nhận trận tiếp.
rook|Cậu thắng. Tôi giao đúng phần đã hứa, không thêm giá sau trận.|Tôi giữ được nhịp đến cuối. Cậu bỏ chỗ đổi Pokémon sớm hơn mức cần thiết.|Một trận rõ kết quả dễ làm việc hơn một giờ mặc cả. Cảm ơn cậu.|Được. Cậu chuẩn bị lại, tôi không đổi điều kiện vì trận thua này.
selene_kade|Cậu thắng, và vẫn giữ được nước đáp ở đoạn cuối. Tôi nhận kết quả.|Trận này tôi thắng. Cậu chọn xong một phương án rồi giữ nó cả khi đội tôi đã đổi.|Cảm ơn cậu. Tôi giữ lời đã nói trước trận.|Hồi phục trước. Lần sau nhìn lại đội đang đứng trước cậu, không chỉ đội lúc trận bắt đầu.
sixth_warden|Cậu qua bài thử. Ta thấy cậu giữ được phần sức của đội để trở về.|Bài thử chưa qua. Cậu dùng hết nước đáp trước khi đoạn khó kết thúc.|Ta ghi nhận kết quả này. Cảm ơn cậu đã giữ đội đến cùng.|Chuẩn bị lại. Ta vẫn giữ bài thử khi cậu có đội đủ sức.
seventh_warden|Cậu qua bài thử của ta. Quyền tiếp cận sẽ theo đúng kết quả đã ghi.|Trận này cậu chưa qua. Kế hoạch cần giữ cả đường rút khi một Pokémon không còn đứng được.|Ta nhận lời cảm ơn. Giữ cách quan sát đó khi vào khu vực thực.|Hồi phục rồi quay lại. Ta không đóng quyền thử chỉ vì một lần chưa đạt.
rocket_grunt_01|Tôi thua. Chốt này không còn giữ được cậu.|Tôi thắng. Cậu chưa qua chốt được.|Tôi nhận kết quả, không có gì để cãi. Cậu đi theo phần đã thắng.|Được. Tôi giữ chốt ở đây; cậu muốn thử lại thì chuẩn bị đội trước.
rocket_grunt_02|Cậu thắng. Tôi không kéo thêm một lượt nữa để giả vờ cửa chưa mở.|Tôi giữ được cậu ở chốt. Cậu để những lần đổi Pokémon của tôi lấy quá nhiều thời gian.|Kết quả đã rõ. Tôi không gọi thêm người để đổi nó.|Được. Cậu hồi phục rồi quay lại nếu vẫn muốn qua.
rocket_grunt_03|Tôi thua. Cửa sau chốt này mở cho cậu.|Cậu chưa vượt chốt. Đội tôi còn đủ nước đáp khi cậu chỉ giữ một hướng tấn công.|Tôi nhận trận thua. Đi đúng cửa, đừng nghĩ chỗ nào trong kho cũng an toàn.|Hồi phục trước. Tôi vẫn ở chốt, không đổi điều kiện sang một thứ khác.
rocket_admin_vex|Cậu thắng. Tôi không thể giữ máy bằng trận đấu nữa.|Tôi thắng. Cậu còn để một phần đội mất nhịp trước khi có nước đáp.|Tôi giữ phần đã hứa. Chứng cứ cậu mang đi vẫn có cả tên tôi.|Cậu muốn thử lại thì chuẩn bị đội. Tôi chưa giao quyền chỉ từ lời nói.
harbour_marshal_liora|Cậu đã thắng bài thử ở cảng. Tôi ghi đủ kết quả.|Trận này cậu chưa qua. Cậu tính lượt hiện tại mà bỏ nước đáp của đội phía sau.|Cảm ơn cậu. Hồ sơ giữ cả hai đội, không chỉ người được nhận quyền.|Chuẩn bị lại rồi quay lại cảng. Tôi vẫn nhận bài thử theo cùng điều kiện.
captain_dorian|Cậu thắng vòng cảng. Đội của cậu giữ được kế hoạch cả khi mưa đổi nhịp.|Trận này tôi thắng. Cậu chưa tận dụng được lượt đội mưa cần chuẩn bị.|Cảm ơn cậu. Tôi xác nhận kết quả, không bắt cậu thắng thêm một trận cho cùng vòng này.|Được. Hồi phục rồi thử lại; vòng cảng vẫn giữ lượt của cậu.
battle_tower_trainer_01|Cậu thắng. Cách chuẩn bị lượt sau đã giúp cậu giữ được khoảng trống.|Trận này tôi thắng. Cậu mất nhịp một lượt rồi cố lấy lại bằng những nước quá gấp.|Cảm ơn cậu. Tôi giữ bản ghi để cả hai còn xem được cách lượt sau đã được chuẩn bị.|Được. Thử dành một nước đáp trước khi chọn đòn mạnh nhất ở lần sau.
battle_tower_trainer_02|Cậu chọn đúng lúc hành động. Tôi nhận trận thua này.|Tôi thắng. Trật tự hành động đã đổi, nhưng cậu vẫn chọn như ở những lượt trước.|Cảm ơn cậu. Trận này không cần được kể nhanh hơn để thành một trận hay.|Được. Hồi phục rồi xem lại lúc thứ tự hành động đổi trước khi quay lại.
battle_tower_trainer_03|Cậu thắng. Bản ghi sẽ giữ đủ tên hai người.|Trận này tôi thắng. Cậu đọc được thành viên đội nhưng bỏ qua phần thời tiết.|Cảm ơn cậu. Kết quả không bị sửa chỉ vì người giữ hồ sơ thua.|Hồi phục trước. Những điều cậu đã làm đúng vẫn có trong bản ghi để dùng cho lần sau.
league_elite_01|Cậu thắng. Ta giữ cả những lượt mình muốn quên trong bản ghi này.|Trận này ta thắng. Một cách đáp đã lặp lại dù đội đối thủ không còn ở vị trí cũ.|Cảm ơn cậu. Ta không bỏ phần thua khỏi hồ sơ của mình.|Được. Xem lượt lặp trong bản ghi rồi thử cách đáp khác khi quay lại.
league_elite_02|Cậu thắng bằng luật chung. Tôi xác nhận kết quả này.|Trận này tôi thắng. Một nước đổi chậm đã để đội tôi giữ được lợi thế tới cuối.|Cảm ơn cậu. Tôi giữ đúng kết quả và phần đã hứa trước trận.|Được. Lần thử tiếp vẫn dùng cùng luật; chữa cho đội trước khi nhận lời.
league_elite_03|Cậu thắng. Ta nhớ rõ lượt cuối, không bỏ nó khỏi lời kể.|Trận này ta thắng. Cậu dùng Pokémon cuối làm nước đáp cho quá nhiều tình huống.|Cảm ơn cậu. Ta sẽ giữ bản ghi đủ những lượt đã xảy ra.|Hồi phục trước. Lần sau giữ thêm một cách đổi đội trước đoạn cuối.
aurelia|Cậu thắng trận Champion. Ta giữ lời trả lời bằng tên mình.|Trận này ta thắng. Đội cậu còn thiếu một nước đáp khi trận kéo dài.|Cảm ơn cậu. Không còn chức danh nào thay ta trả lời phần đã hứa.|Được. Ta không đóng lượt thử của cậu sau trận thua; chuẩn bị đội rồi quay lại.
school_wolf_trainer_01|Cậu qua bài thử. Cậu đã dừng tấn công đúng lúc đội cần đổi.|Cậu chưa qua. Một lượt tiếp tục tấn công đã làm mất cơ hội giữ đội.|Ta ghi kết quả. Cảm ơn cậu đã làm đúng phần giữ đội của bài thử.|Hồi phục rồi thử lại. Lần sau xem cả lượt cần dừng, không chỉ lượt có thể đánh.
school_wolf_trainer_02|Cậu qua bài thử. Cậu nhận ra hướng đổi Pokémon của tôi trước khi nó hoàn tất.|Trận này tôi thắng. Cậu đã quan sát đầu trận nhưng bỏ dấu hiệu khi đội tôi đổi nhịp.|Cảm ơn cậu. Giữ cách đọc dấu ấy cho bài thử tiếp theo.|Được. Chữa cho đội rồi quay lại; quan sát cần tiếp tục qua từng lượt.
school_wolf_trainer_03|Cậu qua bài thử. Chuẩn bị và cách dùng đội đã khớp nhau.|Bài thử chưa qua. Cậu có đủ phần chuẩn bị, nhưng chưa giữ được người mang nó đến cuối trận.|Tôi ghi nhận kết quả. Cảm ơn cậu đã dùng đúng phần đã chuẩn bị.|Hồi phục trước. Vật tư đã được ghi nhận, cậu không phải giao lại phần cũ để thử tiếp.
school_wolf_master|Cậu thắng. Ta giữ lời mở phần hồ sơ đã hứa.|Ta thắng trận này. Cậu còn bỏ một dấu hiệu đổi nhịp ở đoạn giữa.|Ta nhận lời cảm ơn. Những gì ở trong hồ sơ vẫn cần cậu đọc trực tiếp.|Chữa đội rồi quay lại. Ta muốn thấy cách đọc trận đã khác, không cần một lời hứa dài.
mysterious|Cậu thắng. Bản ghi lần này có tên của cả người thắng và người thua.|Trận này tôi thắng. Tôi vẫn giữ bản gốc của cậu nguyên vẹn.|Cảm ơn cậu. Tôi sẽ không xóa phần của mình khỏi kết quả này.|Được. Giữ đội đủ sức rồi quay lại; câu hỏi của cậu vẫn còn nguyên.
town1_bao|Tôi thua. Tôi thấy được lượt mình chọn sai rồi.|Tôi thắng trận này. Tôi vẫn muốn cùng xem lại những chỗ cả hai đã tính.|Cảm ơn cậu đã đấu thật. Tôi muốn tự sửa phần mình sai, không nhận một trận được nhường.|Được. Tôi đợi cậu chữa đội; khi đấu lại tôi cũng thử sửa phần mình chưa chắc.
town1_minh|Cậu thắng. Tôi biết mình bỏ lỡ lượt nào trong đoạn giữa.|Tôi thắng, nhưng còn mấy lượt tôi muốn xem lại thay vì chỉ kể kết quả.|Cảm ơn cậu. Trận này cho tôi một chỗ cụ thể để luyện tiếp.|Được. Hồi phục rồi quay lại; tôi giữ bản ghi để cùng đối chiếu.
town3_shady_trader|Tôi thua. Tôi sẽ giao hóa đơn và trả phần đã hứa.|Tôi thắng trận này. Đống hóa đơn vẫn còn, tôi chưa làm nó biến mất.|Được. Cậu giữ giấy tờ, tôi không đặt thêm phí để lấy phần đã thắng.|Cậu chuẩn bị lại rồi quay lại. Tôi không bán một gói bảo đảm thắng trận này.
town8_trainer_hai|Cậu thắng. Tôi cần sửa lượt chuẩn bị trước khi nghĩ tên bài mới.|Tôi thắng trận này. Cloyster đã giữ được lượt tăng sức mạnh, nhưng tôi biết không phải lúc nào cũng có nó.|Cảm ơn cậu. Tôi sẽ xem đội đã làm gì, không chỉ nhớ tiếng mình gọi đòn.|Được. Cậu chữa đội rồi đấu tiếp; tôi cũng muốn thử một cách giữ lượt khác.
weather_guardian_groudon|Bạn qua bài thử. Tôi có thể xác nhận bạn giữ được đội gần buồng địa tầng.|Bạn chưa qua bài thử. Đội cần một cách giữ vị trí khi áp lực kéo dài.|Cảm ơn bạn. Tôi giữ xác nhận này cùng phần kiểm tra thiết bị.|Hồi phục rồi thử lại. Chúng ta chưa mở buồng khi đội chưa sẵn sàng.
weather_guardian_kyogre|Bạn qua bài thử. Tôi xác nhận phần đổi nhịp theo nước và thời tiết.|Bạn chưa qua. Khi nhịp mưa đổi, đội vẫn dùng cùng một nước đáp quá lâu.|Cảm ơn bạn. Phần xác nhận của tôi được giữ riêng với xác nhận địa tầng.|Được. Hồi phục trước rồi thử đọc nhịp đổi từ những lượt sớm hơn.
