var_36.1|Bảo và Minh cùng nhận mình thắng trận vừa rồi. Tôi chưa muốn xử lý chỉ bằng lời kể của người đứng gần mình nhất.
var_36.2|Tôi nhớ đã ra lệnh trước. Có người nhìn thấy, nhưng Minh bảo tôi đang bỏ qua một lượt cũ.
var_36.3|Bảo chỉ kể đòn cuối. Tôi nghĩ phải xem cả lúc Pokémon bị tê liệt trước đó.
var_36.4|Camera còn đủ đoạn của hai lượt cuối. Bạn có thể đối chiếu thứ tự hành động trên các góc quay.
var_36.5|Tôi đã xem đoạn camera. Kết quả được giữ, còn hai người đã nhận ra phần mình nhớ thiếu.
other_peoples_child.1|Bảo ít kể chuyện sân tập với cô dạo này. Cô hỏi càng nhiều, nó lại càng im. Cháu nói chuyện với nó giúp cô được không?
other_peoples_child.2|Mỗi lần đấu tôi lại nghĩ mẹ sẽ nói gì nếu thua. Đến lúc nhìn đối thủ thì đã qua mất lượt cần quyết định.
other_peoples_child.3|Bảo đang ở đây chuẩn bị đội. Mình muốn buổi tập này giúp em ấy, chứ không thành thêm một lần phải chứng minh với mẹ.
other_peoples_child.4|Tôi đã chăm đội xong. Lần này tôi muốn thử tập trung vào trận của mình.
other_peoples_child.5|Bảo đã kể cô nghe trận vừa rồi. Nó còn nói một câu mà trước đây cô thường ngắt lời.
old_man_worries.1|Biển ở khúc rẽ lại đổ rồi. Bác muốn có người kiểm tra trước chuyến giao hàng tiếp theo.
old_man_worries.2|Biển nằm úp ở lề đường. Phía cầu còn dấu giày mới qua sau trận mưa.
old_man_worries.3|Bác Phúc bảo cậu hỏi chuyện cầu à? Tôi có đi qua sáng nay, cùng một kiện hàng khá nặng.
old_man_worries.4|Tôi giữ phần chân biển ở đây. Cần gỗ thật để nó chịu được mưa, không dựng tạm bằng bìa nữa.
old_man_worries.5|Bình báo biển đã đứng lại rồi. Cảm ơn cháu quay về nói cho bác biết.
short_explanation.1|Tôi muốn kiểm tra cách mình giải thích bản ghi trận đấu. Linh đã nghe, nhưng tôi chưa biết em ấy hiểu phần nào.
short_explanation.2|Orin vừa giảng về bản ghi. Tôi nhớ các từ ông ấy nói, nhưng chưa chắc mình dùng chúng đúng.
short_explanation.3|Bàn học có một mẫu ghi lệnh và thời điểm nhận. Không có thêm lời giải thích bên cạnh.
short_explanation.4|Cháu mang ví dụ của Orin tới à? Đưa bác xem, bác muốn biết trong đó ghi cái gì trước khi nghe tên máy.
short_explanation.5|Linh và bác Phúc hiểu ví dụ rõ hơn bản giải thích đầu của tôi. Tôi cần sửa thứ tự mình nói.
shady_business.1|Hàng cổ hiếm, hộp còn niêm phong. Giá thử mười BeastCoin. Cậu muốn nghe thêm hay xem lời của người đã mua?
shady_business.2|Tôi có mua một hộp của Đạt. Tôi giữ cả thứ bên trong và hóa đơn, không chỉ lời hắn quảng cáo.
shady_business.3|Tôi nhận hàng cho Đạt từ kho này. Tên đại lý trên phiếu trông khác, nhưng chữ ký thì quen.
shady_business.4|Trong kho còn một hộp chưa bán. Nhãn bên trong và hóa đơn ngoài ghi hai tên món khác nhau.
shady_business.5|Cậu có đủ hai nhãn rồi. Tôi không định bảo đó là một hiểu nhầm về màu hộp nữa.
shady_business.6|Đạt đã giao giấy hoàn tiền. Tôi muốn kiểm tra phần nào trả lại khoản đã thu, phần nào là công điều tra.
delivery_hell.1|Tôi có kiện hàng ghi người nhận là cô Mai. Phiếu không ghi địa chỉ đầy đủ, nên chưa dám giao cho người đầu tiên tên Mai.
delivery_hell.2|Kiện hàng cảm biến à? Tôi chưa từng đặt món đó. Bạn cho tôi nhìn phần nhãn bên trong nhé.
delivery_hell.3|Tôi đã đợi cảm biến mấy ngày. Chiếc hộp tới rồi, nhưng thiết bị không ở trong nó.
delivery_hell.4|Bên tổ Wingull có lớp bọc và cảm biến. Dây buộc bị kéo ra, còn phần thiết bị chưa có vết nứt.
delivery_hell.5|Cảm biến đã được tìm lại. Tôi muốn đóng gói chắc và ký đúng tên người nhận trước khi Nam ghi xong chuyến này.
sleep_is_joy.1|Mira bảo Pokémon thức nhiều về đêm. Ta muốn xem lịch nghỉ trong phòng trước khi cho rằng chúng bị bệnh.
sleep_is_joy.2|Có những con tỉnh ngay lúc vừa nằm xuống. Bạn giúp mình kiểm tra tiếng chuông ngoài phòng nhé.
sleep_is_joy.3|Bảng chuông và bảng giao hàng treo cạnh nhau. Một vài giờ không khớp giữa hai bảng.
sleep_is_joy.4|Mình đã dời chỗ nghỉ khỏi gần chuông. Phần đệm còn thiếu, nhưng giờ ở đó yên hơn.
sleep_is_joy.5|Ta nhận được lịch chuông mới rồi. Pokémon được nghỉ, giờ ta cũng phải thôi giữ phòng sáng suốt đêm.
bread_queue.1|Bánh mất trước giờ mở cửa. Khay còn được xếp lại rất ngay ngắn, nhưng tôi chưa biết ai đã lấy phần chưa ghi tên.
bread_queue.2|Tôi thấy Bảo mang bánh ra cho Pokémon. Cậu ấy nghĩ đã đặt phần đó với Quỳnh từ hôm trước.
bread_queue.3|Sổ có một khoản đã trả và nhiều phần chưa ghi tên. Bạn có thể đối chiếu số phần theo ngày.
bread_queue.4|Tôi đồng ý làm phần bánh riêng. Nhưng nguyên liệu và người nhận cần được ghi rõ, không thể để ai cũng tự lấy rồi tính sau.
bread_queue.5|Quỳnh nhận lúa mì rồi à? Tôi đã đến ghi lịch, lần này có tên tôi trên từng phần nhận.
mira_missing_bell.1|Pokémon cứ kéo áo gọi mình. Chuông cạnh giường vẫn treo, nên mình muốn kiểm tra vì sao nó không kêu.
mira_missing_bell.2|Dây chuông được buộc sát khung giường. Có thể xem nút nào đang giữ phần rung lại.
mira_missing_bell.3|Mira hỏi về chuông à? Bác có ngồi ở giường bên cạnh hôm qua. Bác nhớ mình đã chỉnh dây.
mira_missing_bell.4|Mình chuẩn bị chỗ treo chuông mới rồi. Dây cần đủ dài để Pokémon với tới mà không vướng vào giường.
mira_missing_bell.5|Bác đã qua chỗ Mira. Chuông kêu lại, còn bác có chuyện phải nói với Pokémon nằm ở đó.
tomo_spare_parts.1|Khách vừa mang xe trở lại. Xe chạy tốt, nhưng giấy bảo dưỡng ghi một tên khác với phiếu giao.
tomo_spare_parts.2|Tôi còn giữ hai phiếu của chuyến xe đó. Chúng đã bị ghim cùng nhau từ lúc xếp hàng.
tomo_spare_parts.3|Sổ bảo dưỡng có số khung riêng cho từng xe. Bạn có thể đối chiếu số với hai phiếu đã bị ghim.
tomo_spare_parts.4|Tôi muốn khách nhìn được số khung trực tiếp. Giá sửa xe còn thiếu phần giữ bên này.
tomo_spare_parts.5|Tôi đã tách hai phiếu. Lần giao lại này cần đúng một xe và một bản giấy của nó.
elle_mended_scarf.1|Linh trả lại khăn dù vẫn nhìn màu đó rất lâu. Tôi nghĩ em ấy không đổi ý về màu, nhưng có điều chưa dám nói.
elle_mended_scarf.2|Tôi vẫn thích chiếc khăn. Chỉ là mọi người cứ hỏi tôi đã giỏi giống người thường đeo nó chưa.
elle_mended_scarf.3|Elle để một mẫu sửa cạnh chiếc khăn. Màu và phần hình đã được đánh dấu riêng.
elle_mended_scarf.4|Linh đã chọn mẫu rồi. Tôi muốn sửa đúng phần em ấy muốn, không biến nó thành một chiếc khăn hoàn toàn khác.
elle_mended_scarf.5|Elle báo khăn đã sửa xong. Tôi muốn thử lại, lần này theo màu mình chọn.
library_blank_page.1|Một cuốn sách được trả đủ bìa nhưng mất trang tên tác giả. Bạn giúp tôi xem phần chữ còn hằn ở trang kế nhé.
library_blank_page.2|Trang kế có vết chữ mờ qua giấy. Tên và một phần tiêu đề vẫn còn đọc được.
library_blank_page.3|An nhờ cậu hỏi về sách của tôi à? Tôi biết trang nào đã bị lấy ra. Tôi là người lấy nó.
library_blank_page.4|Kim đã đánh dấu phần cần sửa. Tôi muốn đặt bản đính chính ở chỗ người đọc tìm được cùng cuốn sách.
library_blank_page.5|An đã chuẩn bị bản đính chính. Tôi muốn tên mình trở lại cùng phần đã sửa.
exam_morning.1|Tôi học thuộc tên đòn rồi, nhưng lúc vào trận đầu chỉ còn tiếng giám thị ho. Tôi cần một cách luyện khác.
exam_morning.2|Linh không thiếu một danh sách tên. Em ấy cần thử giải thích quyết định trong một lượt cụ thể.
exam_morning.3|Thẻ luyện ghi đối thủ vừa dùng Protect. Bên dưới là vài phương án, chưa đánh dấu đáp án.
exam_morning.4|Tôi nhận làm đối thủ cho trận minh họa. Linh sẽ xem lại đoạn có quyết định quan trọng sau trận.
exam_morning.5|Tôi đã xem lại trận. Có một lượt trước đây tôi chỉ nhớ tên đòn, giờ tôi biết vì sao chọn nó.
orin_hale_coffee.1|Hale và tôi nhớ khác nhau về buổi cà phê cũ. Tôi muốn kiểm tra xem ai đang bỏ mất phần nào.
orin_hale_coffee.2|Orin muốn đối chiếu hóa đơn à? Ta nhớ lời mời, nhưng không chắc nhớ được giờ chúng ta ra về.
orin_hale_coffee.3|Hóa đơn quán còn nguyên. Mặt sau có ghi chú của chủ quán về buổi gặp.
orin_hale_coffee.4|Tôi nhận chuẩn bị một buổi gặp nữa cho hai ông. Lần này bàn có cả phần ăn, không chỉ cà phê.
orin_hale_coffee.5|Quỳnh nhận chuẩn bị bàn rồi. Tôi muốn gặp Hale, không muốn mở lại đúng cuộc cãi của năm đó.
rook_returned_wallet.1|Tôi mất ví ở khu trao đổi. Rook nhắc tới nó trước khi tôi báo mất, nên tôi muốn hỏi từ chỗ đó.
rook_returned_wallet.2|Ví của Trâm à? Tôi có một tờ giấy liên quan. Trước khi cậu nhìn tôi như vậy, hãy hỏi rõ tôi đang giữ thứ gì.
rook_returned_wallet.3|Quầy thất lạc có một dòng nhận ví của Trâm. Biên nhận giao trả chưa ở cùng cuốn sổ.
rook_returned_wallet.4|Ví đã ở quầy rồi, nhưng Rook giữ biên nhận. Tôi chưa từng nhờ ông ấy đặt một dịch vụ mới cho mình.
rook_returned_wallet.5|Trâm không nhận khoản phí à? Được. Tôi vẫn còn biên nhận ở đây, chưa chuyển cho ai khác.
courier_route.1|Bản tuyến bắt tôi qua cùng ngã ba mấy lần. Tôi muốn đối chiếu đoạn nào đã đổi trước khi sửa lịch giao.
courier_route.2|Bản đồ giao hàng còn giữ cây cầu cũ. Cạnh nó có một ghi chú đóng lối mới được thêm sau này.
courier_route.3|Nam đang hỏi đường tới bến à? Có một lối chúng tôi dùng gần đây, nhưng chưa ghi vào bản tuyến của anh ấy.
courier_route.4|Tôi có thông tin lối mới rồi. Giờ cần cập nhật bản tuyến và giữ một bản ở bàn giao hàng.
courier_route.5|Nam đã đổi tuyến. Phần còn lại là ai báo cho anh ấy nếu cảng thay lối thêm lần nữa.
selene_wrong_rumor.1|Tôi nghe chuyện Selene nhận một phong bì. Người kể thêm nhiều chi tiết, nhưng tôi chưa biết họ thật sự nhìn thấy phần nào.
selene_wrong_rumor.2|Phong bì hôm đó liên quan đến thuốc. Tôi có thể cho cậu xem phần biên nhận không lộ người đang điều trị.
selene_wrong_rumor.3|Biên nhận giữ giá, số lượng và số lô. Phần tên bệnh nhân được che riêng.
selene_wrong_rumor.4|Lô thuốc đó có hồ sơ ở chỗ tôi. Bạn cần xác nhận hàng nhận, không cần danh sách bệnh nhân.
selene_wrong_rumor.5|Tôi đã nghe phần đối chiếu. Giờ tôi phải nói lại với những người từng nghe câu chuyện từ mình.
garden_water.1|Tối nào tôi cũng ra tưới mà nước ít dần. Tôi đã cãi với Yến, nhưng chưa hỏi máy bơm chạy giờ nào.
garden_water.2|Lực đang đợi nước vào buổi tối à? Tôi nghĩ anh ấy chưa thấy bảng vận hành mới.
garden_water.3|Ở van có hai bảng lịch, một cũ và một mới. Bạn có thể đối chiếu giờ chạy máy trên từng bảng.
garden_water.4|Tôi muốn lịch tưới rõ trước khi nhận thêm nước. Bảng ở van cần thay để không treo hai giờ khác nhau.
garden_water.5|Lực đã đề nghị chia giờ. Tôi muốn ghi cả phần của mình lên bảng mới để khỏi phải đoán nhau nữa.
mara_missed_call.1|Tôi gọi cho cậu nhưng không thấy hồi âm. Không có chuyện khẩn ở sân; tôi chỉ muốn biết cậu đã tới nơi chưa.
mara_missed_call.2|Mara hỏi cậu đã về chưa à? Ta biết vì sao cô ấy khó yên tâm khi một cuộc hẹn mất hồi âm.
mara_missed_call.3|Giấy hẹn của Mara nằm cạnh sân. Có một dòng được gạch rồi viết lại dưới giờ hẹn.
mara_missed_call.4|Cậu tới rồi. Tôi vẫn mang đội tập ra sân, nếu cậu muốn giữ cuộc hẹn hôm nay.
mara_missed_call.5|Trận xong rồi. Tôi muốn thống nhất một cách báo tin khi một trong hai người đi xa.
ranger_lost_boot.1|Đội tìm thấy một chiếc ủng mắc bùn. Tôi muốn đọc thêm dấu đường trước khi gửi báo mất người.
ranger_lost_boot.2|Dấu quanh chiếc ủng có cả giày và chân trần. Bạn có thể theo hướng dấu mới về phía trạm.
ranger_lost_boot.3|Có người vừa tới hong tất ở đây. Tôi chưa nhận được tin bên trạm Hạnh đang tìm ai.
ranger_lost_boot.4|Vũ đã gửi tên người trở về. Tôi muốn chuẩn bị sẵn đồ giữ ấm cho trường hợp tương tự.
ranger_lost_boot.5|Tôi đã nhận cách ghi tên từ Hạnh. Có người không bị thương nhưng vẫn cần được báo là đã về.
firewatch_false_alarm.1|Ba lần báo trước đều không phải cháy rừng. Tôi muốn sửa nguồn báo sai trước khi gọi mọi người tập lại.
firewatch_false_alarm.2|Cảm biến đặt giữa bếp và phía rừng. Hướng đầu đo có thể giải thích những giờ báo sai.
firewatch_false_alarm.3|Vũ gửi sơ đồ cảm biến rồi. Ta sẽ đổi chỗ đặt và thử lại với các trạm được báo trước.
firewatch_false_alarm.4|Bộ báo mới đã có tên trạm và vị trí. Mạch còn một phần trước buổi thử hôm nay.
firewatch_false_alarm.5|Tôi nhận được tin thử của Vũ. Lần này có nội dung cụ thể để đối chiếu, không chỉ tiếng chuông.
warehouse_unpaid.1|Vex nói ca tôi làm không có trong sổ. Tôi còn thẻ giấy, nhưng cần người đối chiếu giúp.
warehouse_unpaid.2|Thẻ giấy và sổ máy được đặt cạnh nhau. Một ca có giờ trên giấy nhưng thiếu dòng tương ứng trong sổ.
warehouse_unpaid.3|Tôi đã tính số giờ Đức đưa. Cần lập hồ sơ có bản sao để người làm ca giữ được chứng cứ của mình.
warehouse_unpaid.4|Tôi nhận phần lập hồ sơ. Giấy cần được chia cho từng người, không chỉ giữ một bản ở kho.
warehouse_unpaid.5|Tôi đã nhận tin đơn được nộp. Tôi muốn biết bản mình giữ và người cần hỏi ở lần tiếp theo.
iris_first_repair.1|Tôi muốn sửa phần dữ liệu còn đang ảnh hưởng công việc của Kim. Cậu giúp tôi hỏi phần nào cô ấy cần trước nhé.
iris_first_repair.2|Iris gửi lời muốn sửa dữ liệu rồi. Tôi cần bản đối chiếu cụ thể để biết liều nào đã bị đổi.
iris_first_repair.3|Bảng gốc có những hàng Iris đánh dấu. Mỗi hàng được đặt cạnh nội dung trên bản đã sửa sai.
iris_first_repair.4|Tôi đã ghi phần sửa và ký tên. Các trạm cần bản giấy để đối chiếu, không chỉ một lời báo qua điện thoại.
iris_first_repair.5|Bản sửa của Iris tới rồi. Tôi đã đối chiếu với bản cũ và giữ cả hai trong hồ sơ điều trị.
mechanic_silent_motor.1|Máy lại kêu ở cùng chỗ. Tôi nghe thấy, nhưng lần nào báo cũng thành lỗi ca của mình.
mechanic_silent_motor.2|Ghi chú sửa có nhiều dòng bị gạch. Bạn có thể đối chiếu các mô tả trước và sau khi người duyệt sửa.
mechanic_silent_motor.3|Tôi đã xem báo của Sơn. Việc báo hỏng phải tách khỏi việc xác định ai làm hỏng máy.
mechanic_silent_motor.4|Châu đã xác nhận quy trình báo lỗi. Tôi muốn sửa vỏ máy và giữ đúng tên công việc mình đang làm.
mechanic_silent_motor.5|Ca thử đã có kết quả. Tôi giữ báo ban đầu cùng phần sửa, không chỉ bản cuối cho đẹp hồ sơ.
marlow_false_tablet.1|Ta nghi tấm bia này không có tuổi người tặng nói. Nhưng muốn đính chính thì phải có thứ đối chiếu tốt hơn lời nghi ngờ.
marlow_false_tablet.2|Catalog có bản vẽ và trang sách dùng để tham khảo. Một đoạn khắc trên bia giống cả một chỗ in sai trong sách.
marlow_false_tablet.3|Gia đình người tặng không đưa giấy về tuổi hiện vật. Tôi cần hỏi lại nguồn rồi sửa nhãn trưng bày.
marlow_false_tablet.4|Tôi đã nói chuyện với gia đình người tặng. Nhãn mới cần ghi đúng hiện vật và phần họ đã đóng góp.
marlow_false_tablet.5|Hương báo cách ghi nhãn mới rồi. Ta muốn giữ hiện vật như một bản có nguồn rõ, không như chứng cứ cho một tuổi sai.
photo_without_face.1|Warden muốn giữ một ảnh chuyến cứu hộ, nhưng chưa muốn nhìn bản đầy đủ. Tôi chưa in hay cắt theo ý mình.
photo_without_face.2|Ly nói muốn hỏi ta về bộ ảnh à? Ta có mặt ở đó, và đã tránh xem nó rất lâu.
photo_without_face.3|Bộ ảnh gốc giữ cả những khung từng bị cắt. Bạn có thể đối chiếu người và vị trí đứng trên từng bản.
photo_without_face.4|Warden đã đồng ý bản đầy đủ. Tôi chuẩn bị in đúng khung, không chỉnh ai thành người hùng của bức ảnh.
photo_without_face.5|Ly báo ảnh đã in. Ta muốn nhận đúng bản mình đã đồng ý nhìn.
museum_open_hours.1|Báo cáo nói ít học sinh tới. Nhưng tôi muốn kiểm tra giờ mở trước khi viết rằng các em không quan tâm.
museum_open_hours.2|Tôi có muốn tới bảo tàng. Chỉ là giờ mở thường trùng giờ học, còn tan học thì cửa đã đóng.
museum_open_hours.3|Sổ khách và đơn xin mở muộn còn được giữ chung. Giờ tới của các nhóm học sinh có thể đối chiếu theo ngày.
museum_open_hours.4|Tôi đã chọn ca mở thêm. Phần còn lại là người trực và chuông báo đúng giờ.
museum_open_hours.5|Hương gửi lịch chiều rồi à? Tôi muốn rủ Bảo cùng xem, không muốn trốn lớp để tới một buổi học khác.
harbour_lost_catch.1|Thùng ở đó lúc tôi về. Mọi người gọi nó là thùng của tôi, nhưng chuyến của tôi chưa giao thứ gì tại bến này.
harbour_lost_catch.2|Nhãn trên thùng bị ướt ở phần giờ. Tên tàu và số chuyến vẫn còn đọc được.
harbour_lost_catch.3|Đó là thùng từ tàu tôi. Tôi có người đặt, nhưng đã viết người nhận quá mơ hồ trên phiếu.
harbour_lost_catch.4|Tôi nhận giữ điểm giao mới. Cần phần che để nhãn và giấy nhận không lại ướt trong chuyến sau.
harbour_lost_catch.5|Bình đã báo thùng tới đúng người rồi. Cảm ơn bạn quay lại xác nhận với tôi.
harbour_breathing.1|Tôi đang tập một đội xoay quanh Cloyster. Tôi đặt cả tên cho bài, nhưng Dorian bảo nên xem đội hoạt động đã.
harbour_breathing.2|Hải hỏi ta góp ý đội mới. Ta muốn cậu xem chỗ đội cần chuẩn bị trước khi nhận trận.
harbour_breathing.3|Bảng luyện ghi Shell Smash và những chỉ số đổi sau khi dùng. Các cách đáp được để riêng bên cạnh.
harbour_breathing.4|Tôi đã mang đội ra. Cậu xem bảng rồi thì chúng ta có thể thử bằng một trận thật.
harbour_breathing.5|Hải gửi bản trận vừa rồi. Ta sẽ cùng cậu ấy đọc lại, không chỉ ghi thắng hoặc thua vào sổ.
tower_waiting_chair.1|Rowan giữ chiếc ghế đó cho một người bạn. Tôi nghĩ người nhận lời mời cần được biết đến xem cũng có chỗ.
tower_waiting_chair.2|Tôi đã muốn mời bạn tới nhiều lần. Rồi cứ nghĩ phải chờ một thành tích mới của cậu ấy trước.
tower_waiting_chair.3|Thẻ dự thi cũ có một mục riêng về người quan sát. Phần ấy không nằm cùng điều kiện vào bài thử.
tower_waiting_chair.4|Rowan muốn gửi lời mời rồi. Tôi sẽ ghi rõ phần người nhận được làm, để bức thư không giống một yêu cầu thi lại.
tower_waiting_chair.5|Lễ tân chuẩn bị thư rồi à? Tôi muốn gửi nó ngay, không chọn thêm một điều kiện trước khi mời.
nyx_clock.1|Tôi đo thời gian của mọi việc gần đây. Có những cuộc hẹn càng đo tôi lại càng không muốn tới.
nyx_clock.2|Nyx bỏ qua vài cuộc hẹn dù lịch còn trống. Rowan để lời mời mới trên bàn, không giống mẫu lịch cô ấy thường dùng.
nyx_clock.3|Giấy mời ăn của Rowan có hai dòng bị Nyx gạch. Không có dòng từ chối ở phía dưới.
nyx_clock.4|Tôi nhận trận tập này. Tôi muốn xem mình có chọn được nước đúng mà không chỉ nhìn giờ kết thúc không.
nyx_clock.5|Trận đã xong. Tôi còn lời mời của Rowan chưa trả lời, và lần này tôi muốn trả lời rõ.
orion_public_record.1|Một người chơi xin xóa trận thua vì sợ gia đình đọc. Tôi muốn tìm cách giúp mà không làm sai kết quả.
orion_public_record.2|Tôi từng sợ chỉ một chữ thua trong hồ sơ. Nhưng nếu xóa nó, tôi cũng mất phần muốn học lại từ trận đó.
orion_public_record.3|Mẫu bản ghi có chỗ cho phân tích lượt và lời người chơi. Kết quả gốc vẫn nằm ở đầu trang.
orion_public_record.4|Tôi đã chọn các lượt có thể đối chiếu. Bản mới cần thêm chú thích, không thêm một kết quả khác.
orion_public_record.5|Tôi đọc thử bản Orion gửi rồi. Nó còn chữ thua, nhưng không chỉ có chữ đó.
cassian_family_name.1|Gia đình ta kể thiếu một người đang sống. Ta muốn hỏi chính anh ấy trước khi sửa dòng tên trong gia phả.
cassian_family_name.2|Cassian nhờ cậu hỏi à? Tôi đang làm ở cảng, không phải đi đâu mất tích.
cassian_family_name.3|Bản gia phả gốc giữ dòng tên và nghề cũ của Bình. Phần công việc hiện tại chưa được bổ sung.
cassian_family_name.4|Bình đã nói rõ nghề muốn ghi. Ta muốn bản cập nhật giữ tên người, không kèm một đánh giá về chuyện thôi thi đấu.
cassian_family_name.5|Cassian đã gửi bản cập nhật. Tôi muốn xem tên và công việc được ghi theo đúng lời mình.
seraph_unsigned_order.1|Một bản dự thảo của văn phòng khiến ba gia đình chuẩn bị chuyển đi. Tôi cần đối chiếu đường nó tới người nhận.
seraph_unsigned_order.2|Bản lệnh gốc còn trang đầu. Bản sao được giao thiếu đúng trang ghi tình trạng văn bản.
seraph_unsigned_order.3|Các gia đình đã đóng nhiều đồ theo tờ giấy đó. Tôi muốn bản đính chính tới đủ từng nhà, không chỉ dán ngoài văn phòng.
seraph_unsigned_order.4|Tôi đã chuẩn bị phần giải thích. Thông báo hủy cần tên người ký và bản cho từng gia đình.
seraph_unsigned_order.5|Seraph đã tới đưa giấy. Tôi giữ danh sách người nhận để không bỏ sót một nhà vì nghĩ họ đã nghe rồi.
kael_empty_uniform.1|Elle có thể sửa chiếc áo này. Trước khi mang đi, ta phải nói rõ phần mình muốn giữ lại.
kael_empty_uniform.2|Kael nhờ sửa đồng phục rồi. Tôi chưa tháo phần che tên khi ông ấy chưa chọn muốn nhìn lại phần nào.
kael_empty_uniform.3|Dưới đường may còn dấu tên của người cùng đội. Miếng vải phủ bên ngoài được may sau bộ áo gốc.
kael_empty_uniform.4|Kael đã chọn tháo miếng che. Tôi sẽ sửa mép, không xóa những dấu cho thấy chiếc áo từng bị đổi.
kael_empty_uniform.5|Elle báo áo đã sửa. Ta muốn nhận lại nó với phần tên mình từng che đi.
aurelia_public_day.1|Ta muốn có một buổi để người dân hỏi lại câu chưa được trả lời. Đứng trên bục khiến ta thường chỉ nghe lượt đầu.
aurelia_public_day.2|Tôi có một câu muốn hỏi Champion. Tôi muốn giữ nguyên câu ấy, không đổi nó thành lời dễ nghe hơn.
aurelia_public_day.3|Hòm có cả ngăn đã được chọn và ngăn bị loại khỏi buổi hỏi đáp. Nhiều câu hỏi về hồ sơ nằm ở ngăn thứ hai.
aurelia_public_day.4|Ta sẽ giữ những câu bị gạt ra. Bản trả lời cần cho người hỏi biết ai nhận trách nhiệm với phần chưa có đáp án.
aurelia_public_day.5|Tôi nhận được tên người phải trả lời rồi. Giờ tôi muốn tự đến hỏi phần còn lại.
bran_open_gate.1|Ta đã bảo một học viên quay về vì chưa có huy hiệu. Nhưng có lẽ ta chưa hỏi đúng lớp em ấy muốn học.
bran_open_gate.2|Tôi tới School vì muốn học cứu hộ. Tôi chưa xin vượt bài thử chiến đấu hôm nay.
bran_open_gate.3|Quy định nhận học viên có phần sơ cứu và phần thử chiến đấu riêng. Mỗi phần ghi điều kiện ở một mục khác.
bran_open_gate.4|Ta đã đọc lại quy định. Bảng ở cổng cần phân từng lớp thay vì dùng một câu trả lời cho tất cả.
bran_open_gate.5|Bran đã báo có thể vào lớp sơ cứu. Tôi muốn bắt đầu từ phần mình đã tới để học.
vargan_watch.1|Bran bảo ta chỉ mắng người tới muộn mà không nói đủ lý do. Ta muốn cậu xem cách đội ghi giờ về.
vargan_watch.2|Khi quá giờ, đội phải biết nên chờ hay bắt đầu tìm. Sổ cần đủ giờ dự kiến và người nhận tin.
vargan_watch.3|Sổ có dòng của học viên và người dạy. Một dòng còn thiếu thông tin trước chuyến đi.
vargan_watch.4|Ta đã chọn giờ dự kiến. Cần bộ nhắc để không chỉ ghi quy tắc cho người khác rồi bỏ dòng của mình.
vargan_watch.5|Vargan đã gửi giờ và tên người nhận. Lần này tôi không phải đoán khi nào cần gọi ông ấy.
wolf_two_routes.1|Tuyến nhanh trên bản đồ có đoạn dốc hẹp. Tôi muốn đo lại với cả cáng cứu hộ, không chỉ người đi bộ.
wolf_two_routes.2|Mốc dốc có chiều dài nhưng thiếu chiều rộng. Phần người mang cáng cần đi qua có thể đo trực tiếp.
wolf_two_routes.3|Skoll đang đối chiếu đường cáng à? Tôi có một tuyến vòng dùng trong chuyến tập trước.
wolf_two_routes.4|Tôi đã nhận tuyến vòng của Hati. Bảng mới cần cho người đi biết họ đang chọn đường cho việc gì.
wolf_two_routes.5|Skoll đã dựng bảng mới. Tôi muốn kiểm tra phần hướng đường cáng trước khi dẫn đội tập.
last_person_letter.1|Thư mới ký tên đầy đủ. Bạn có thể đọc cả phần hỏi thăm, không chỉ tìm một lời hẹn khẩn.
last_person_letter.2|Ta đã đọc thư của TOBA. Ta muốn trả lời điều anh ấy hỏi, không viết lại nguyên một lời giải trình.
last_person_letter.3|Ta muốn gửi TOBA một lời mời riêng. Nó không cần chức danh hay yêu cầu anh ấy kết thúc câu chuyện theo ý ta.
last_person_letter.4|Nhóm đã chọn viết thư riêng. Giấy và chữ ký của từng người sẽ được giữ tách nhau.
last_person_letter.5|Tôi đã nghĩ phần muốn nhắn trong thư. Không có báo cáo hay nhiệm vụ nào cần nhờ TOBA làm tiếp.
weather_duo_01.1|Báo của cảng và trạm rừng không khớp nhau. Tôi muốn nghe từ từng nơi trước khi vẽ một kết luận chung.
weather_duo_01.2|Mưa giữ tàu ở bến mấy ngày rồi. Tôi cần đường an toàn hơn một lời bảo cá đang gần bờ.
weather_duo_01.3|Cột triều giữ đủ thời điểm đo, cùng bản ghi hướng gió. Bạn có thể đối chiếu nhịp giữa các lần đo.
weather_duo_01.4|Pokémon đang dồn tới trạm vì sông cạn. Chúng tôi cần chỗ giữ nước trong lúc tìm nguyên nhân.
weather_duo_01.5|Tôi đã chuẩn bị phần thùng. Vật tư tới đủ thì có thể phân nước cho những con còn đang chờ.
weather_duo_01.6|Mốc sông có thời điểm nước hạ. Có thể đặt các lần đo cạnh bản triều của cảng.
weather_duo_01.7|Tôi đã xem cả hai chu kỳ. Cần đối chiếu một hệ thống cũ trước khi quy việc này cho hai vùng tự tranh nước.
weather_duo_01.8|Ta giữ bản vẽ hệ thống đó. Có phần ghi mục đích và hai ổ tham chiếu cần xem riêng.
weather_duo_01.9|Bia địa tầng chỉ một ổ gắn thiết bị. Bạn có thể kiểm tra vết tháo và giấy vận chuyển bên cạnh.
weather_duo_01.10|Tôi biết chuyến thiết bị này. Tôi đã giữ biên nhận, nhưng chưa kiểm tra đủ nguồn trước khi bán đường vận chuyển.
weather_duo_01.11|Rook đã chỉ chuyến hàng rồi à? Tôi là người chấp nhận cảm biến vào dự án và cần giải thích cách chúng được nối.
weather_duo_01.12|Buồng còn dấu mới của Groudon cùng thời điểm máy phát. Bạn có thể đối chiếu hướng đi trước khi bước sâu hơn.
weather_duo_01.13|Tôi giữ đường tới hồ sơ thủy triều. Đội tàu vẫn cần xác nhận từ trạm trước khi đi theo lịch cũ.
weather_duo_01.14|Bản ở bàn điện thờ có dấu chuyển thiết bị và tên kho nhận. Phần địa tầng có một dấu để đối chiếu cùng.
weather_duo_01.15|Tôi theo dõi Kyogre ở đây. Muốn xử lý tín hiệu, bạn cần biết nó đang đáp lại việc gì.
weather_duo_01.16|Nhật ký buồng giữ hướng dòng xoáy và thời điểm phát. Đường dòng nước có thể đối chiếu với cửa cứu hộ.
weather_duo_01.17|Tôi đã xem hai mạch. Có thể kết thúc tín hiệu mà không xóa bản ghi, nhưng cần kiểm chứng trước khi gửi.
weather_duo_01.18|Phần mạch xác nhận đã được vẽ. Tôi sẽ lưu bản trước khi nối hai đầu tham chiếu.
weather_duo_01.19|Tôi nhận phần kiểm tra trước khi mở buồng địa tầng. Đây là bài thử giữ đội gần khu cứu hộ.
weather_duo_01.20|Bộ điều tiết có bản nối hai phần tham chiếu. Bạn có thể xem trạng thái gửi và bản tín hiệu được giữ lại.
weather_duo_01.21|Khoa đã gửi xác nhận. Tôi còn bài thử nhịp nước trước khi ghi phần của mình.
weather_duo_01.22|Groudon đã đáp lời đồng hành. Tôi giữ xác nhận riêng để bạn nhận khi sẵn sàng.
weather_duo_01.23|Kyogre đã đáp lời đồng hành. Phần xác nhận này không thay thế phần của Groudon.
weather_duo_01.24|Thời tiết đã trở lại nhịp thường. Tôi còn báo cáo phải công khai về cách mình nhận thiết bị.
fish_out_of_water.1|Hạnh gọi về một Magikarp mắc ở vũng cạn. Bạn có thể giúp đưa nó tới nơi chăm sóc không?
fish_out_of_water.2|Vũng được Hạnh đánh dấu. Magikarp còn ở gần bờ, và đường tới Mira đã có trên điện thoại.
fish_out_of_water.3|Bạn đã đưa Magikarp về rồi. Mình sẽ kiểm tra nó cùng đội trước khi bạn báo lại Hạnh.
fish_out_of_water.4|Mốc nước mới được dựng cạnh lối phụ đã thông. Bạn có thể xem phần nước hiện tại so với vạch an toàn.
fish_out_of_water.5|Tôi đã nhận tin Magikarp được chăm. Phần vũng nước từ đây cần người theo dõi sau khi bạn đi.
ren_missing_labels.1|Nhãn hai lô bị ướt. Tôi giữ hàng ngoài quầy bán cho tới khi đối chiếu được món và số lô.
ren_missing_labels.2|Tôi giao cả hai thùng cùng chuyến. Phần ảnh và phiếu kho cần xem riêng mới biết còn giữ được thông tin gì.
ren_missing_labels.3|Phiếu kho có số lô và tên vật tư cho từng thùng. Bạn có thể đối chiếu với nhãn đã ướt.
ren_missing_labels.4|Tôi đã chọn phần cần ghi trên nhãn mới. Trước hết cần chuẩn bị đủ giấy, rồi chúng ta nhận riêng ở quầy.
ren_missing_labels.5|Phiếu đã khớp từng thùng. Tôi sẵn sàng nhận giấy và làm nhãn có số lô rõ ràng.
mara_postgame.1|Tôi đã xếp đội mới cho trận sau. Cậu xem bảng ở sân rồi hẵng nhận lời, có vài vai trò đã đổi.
mara_postgame.2|Bảng luyện mới có đủ thành viên và vai trò. Phần điều chỉnh cấp được ghi riêng với phần phối hợp đội.
mara_postgame.3|Cậu xem bảng rồi à? Đội mới đã sẵn sàng. Trận này được giữ như một bài luyện riêng.
mara_postgame.4|Ta nghe sân tập hoạt động lại. Lần này không có ai gọi từ đó để báo một lỗi nhật ký.
mara_postgame.5|Tôi muốn hẹn trận sau. Không nhất thiết ngày mai; cứ chọn lúc cả hai có thời gian.
