# scene | specific player question | specific NPC answer | acceptance | acceptance acknowledgment
var_36.1|Hai người đang cãi nhau về điều gì?|Bảo nói mình ra lệnh trước. Minh nói Pokémon đã bị tê liệt từ lượt trước. Tôi cần lời kể của cả hai rồi mới xem camera.|Tôi sẽ hỏi Bảo rồi Minh.|Cảm ơn. Đừng kết luận chỉ từ người kể đầu tiên.
var_36.2|Cậu nhớ chuông hết lượt kêu lúc nào không?|Không chắc. Tôi nhớ có người nhìn thấy tôi ra lệnh, nhưng không nhớ tiếng chuông trước hay sau. Cậu hỏi Minh nữa đi.|Tôi sẽ nghe Minh kể phần cậu ấy nhớ.|Ừ. Đừng bỏ mất phần tôi không nhớ khi kể lại nhé.
var_36.3|Trạng thái tê liệt xuất hiện từ lượt nào?|Từ lượt trước. Bảo chỉ nhớ lệnh cuối. Camera ở sân còn ghi lại; cậu xem cả hai lượt giúp tôi.|Tôi sẽ xem đoạn camera trước đòn cuối.|Được. Nó cho biết thứ tự rõ hơn trí nhớ của chúng tôi.
var_36.4|Các góc quay có mâu thuẫn nhau không?|Không. Thunder Wave đã có hiệu lực từ lượt trước. Bảo quên trạng thái, nhưng không thấy dấu hiệu ai sửa kết quả.|Tôi sẽ đưa đoạn này cho Tuấn.|Bạn giữ đoạn có cả lượt gây tê liệt và lượt kết thúc.
var_36.5|Anh có xử thua Bảo thêm lần nữa không?|Không. Kết quả cũ được giữ, hai người đã đồng ý đấu lại sau khi hiểu chỗ nhầm. Tôi chỉ cần nói rõ lý do.|Vậy tôi báo hai người là đã đối chiếu xong.|Cảm ơn. Lần sau tôi sẽ xem đủ lượt trước khi nghe người ở sân cãi.
other_peoples_child.1|Cô muốn tôi giúp Bảo thế nào?|Nói chuyện với nó giúp cô. Cô cứ hỏi huy hiệu, nó lại càng ít kể trận của mình. Cô chưa biết bắt đầu lại từ đâu.|Tôi sẽ hỏi Bảo về chuyện của cậu ấy.|Cảm ơn cháu. Cô sẽ nghe, không chen thêm chuyện người khác.
other_peoples_child.2|Cậu có muốn đấu tập mà không phải chứng minh với mẹ không?|Có. Tôi muốn nhìn được đối thủ thay vì chỉ nghĩ mẹ sẽ nói gì nếu thua. Mira đang giúp tôi chăm đội.|Tôi sẽ qua Mira rồi cùng cậu đấu tập.|Được. Tôi muốn một trận thật, không cần cậu cố nhường.
other_peoples_child.3|Bảo cần một trận tập kiểu nào?|Một trận công bằng. Bạn không cần nhường thắng; để Bảo biết mình làm tốt và sai ở đâu. Mình cần ba quả táo cho phần ăn của đội trước buổi tập.|Tôi giao ba quả táo cho buổi tập.|Cảm ơn. Mình chuẩn bị phần ăn, rồi bạn gặp Bảo nhé.
other_peoples_child.4|Cậu vẫn muốn tôi đánh hết sức chứ?|Ừ. Tôi muốn biết mình sửa được gì. Lần này tôi sẽ nhìn trạng thái của đội, không nhìn xem mẹ có đứng gần không.|Vậy chúng ta bắt đầu trận tập.|Được. Tôi nhận trận này cho mình.
other_peoples_child.5|Cô đã nghe Bảo kể trận vừa rồi chưa?|Rồi. Nó bảo cô hỏi chuyện của nó, đừng hỏi thành tích của người khác. Cô nghe rồi; lần này cô sẽ hỏi nó chọn nước đi thế nào.|Tôi mừng vì cô và Bảo đã nói chuyện.|Cảm ơn cháu. Cô để nó tự kể nốt, không biến chuyện này thành một cuộc so sánh nữa.
old_man_worries.1|Bác đang lo ở đoạn đường nào?|Khúc rẽ có cầu trơn sau mưa. Biển bị đổ, nên người mới tới không thấy cảnh báo. Cháu kiểm tra xem còn ai đi lối đó nhé.|Tôi sẽ kiểm tra biển ở khúc rẽ.|Ừ. Biết đường trơn vẫn tốt hơn tới nơi rồi mới biết.
old_man_worries.2|Có người đi qua sau khi biển đổ không?|Dấu giày mới vẫn đi thẳng về phía cầu. Nam giao hàng sáng nay; cần hỏi anh ấy trước khi cho rằng mọi người đã biết đường nguy hiểm.|Tôi sẽ hỏi Nam về chuyến sáng nay.|Bạn ghi lại vị trí biển đổ và hướng dấu giày.
old_man_worries.3|Anh có bị thương khi đi qua cầu không?|Không nặng. Tôi và kiện hàng cùng trượt một đoạn. Biển bằng bìa tôi dựng tạm đã ướt; Bình cần hai tấm ván để sửa cho chắc.|Tôi sẽ mang hai tấm ván cho Bình.|Cảm ơn. Lần này tôi không sửa biển bằng mặt sau hóa đơn nữa.
old_man_worries.4|Hai tấm ván này đủ để dựng lại biển chứ?|Đủ. Bác Phúc nhờ từ tuần trước, nhưng tôi chưa có gỗ. Tôi sẽ đặt biển trước đoạn trơn để người ta kịp dừng.|Tôi giao hai tấm ván cho anh.|Cảm ơn. Cháu về báo bác Phúc là biển đã được sửa nhé.
old_man_worries.5|Biển đã được sửa. Bác còn muốn báo ai không?|Báo người đi đường là được. Bác cứ nhắc vì muốn người ta trở về, không phải vì nghĩ ai cũng không biết đi.|Tôi hiểu vì sao bác nhắc chuyện này.|Ừ. Cảm ơn cháu đã làm việc bác nhờ, thay vì chỉ bảo bác đừng lo.
short_explanation.1|Ông muốn tôi hỏi Linh điều gì?|Hỏi em ấy hiểu bản ghi trận đấu là gì. Đừng gợi ý; tôi cần biết phần nào trong cách giải thích của mình chưa rõ.|Tôi sẽ nghe Linh giải thích trước.|Được. Ghi đúng điều em ấy nói, kể cả khi câu đó không đúng.
short_explanation.2|Cậu nghĩ bản ghi dự đoán được nước đi tiếp theo à?|Tôi tưởng máy biết hết nên sẽ biết cả đáp án. Orin nói nó chỉ ghi điều đã xảy ra. Tôi muốn xem một bản thật.|Tôi sẽ kiểm tra mẫu ở bàn học.|Ừ. Có ví dụ chắc dễ hiểu hơn câu tôi học thuộc.
short_explanation.3|Mẫu này ghi được ý định của người chơi không?|Không. Nó ghi lệnh đã gửi và lúc nhận lệnh. Muốn biết vì sao người chơi chọn lệnh đó vẫn phải hỏi người ấy.|Tôi sẽ dùng mẫu này giải thích với bác Phúc.|Bạn giữ phần lệnh và thời điểm làm ví dụ, không thêm điều bản ghi không có.
short_explanation.4|Bác hiểu bản ghi này giống thứ gì?|Giống sổ chợ. Ghi sai tên người mua thì hỏi người viết và so hóa đơn, không nghĩ cái sổ tự chọn người mua.|Tôi sẽ kể cách ví dụ này cho Orin.|Ừ. Nếu giúp ông ấy nói ngắn hơn thì cháu làm được việc khó đấy.
short_explanation.5|Ông có thể nói lại bằng một câu không?|Máy ghi điều đã xảy ra; nó không quyết định điều nên xảy ra. Ví dụ cái sổ của bác Phúc đủ để giải thích phần đó.|Tôi nghĩ câu này rõ hơn bản đầu.|Được. Tôi sẽ dùng ví dụ trước khi thêm thuật ngữ.
shady_business.1|Anh có cho xem thứ trong hộp trước khi bán không?|Không. Tôi bán gói thử mười BeastCoin. Nhưng nếu cậu nghi ngờ, Mai ở gần đây đã mua một hộp; cứ hỏi cô ấy.|Tôi sẽ hỏi Mai trước, chưa mua hộp.|Được. Cậu chưa trả tiền thì tôi chưa giao hộp.
shady_business.2|Trong hộp cô nhận có gì?|Một bụi cây khô. Hóa đơn ngoài ghi vật phẩm cổ. Tôi giữ giấy đây; Nam nhận hàng từ kho của Đạt.|Tôi sẽ hỏi Nam và đối chiếu lô hàng.|Cảm ơn. Tôi muốn lấy lại tiền, nhưng trước hết cần chứng minh hắn biết mình bán gì.
shady_business.3|Tên đại lý trên hóa đơn có phải một người khác không?|Không. Vẫn là Đạt, chỉ thêm chữ đại lý. Kho còn những hộp chưa bán; nhãn trong đó cho biết hắn đặt thứ gì.|Tôi sẽ kiểm tra nhãn trong kho.|Được. Đối chiếu cả tên người đặt, đừng chỉ xem chữ ngoài hộp.
shady_business.4|Hai nhãn này có cùng người ký không?|Có. Nhãn kho ghi bụi cây trang trí, hóa đơn bán ghi vật phẩm Pokémon cổ. Cùng một chữ ký trên hai nội dung khác nhau.|Tôi sẽ mang hai bản hỏi Đạt.|Bạn giữ cả nhãn kho và hóa đơn bán để chứng minh việc đổi tên hàng.
shady_business.5|Anh sẽ hoàn tiền cho những người đã mua chứ?|Nếu cậu thắng, tôi giao hóa đơn và hoàn khoản đã thu. Tôi không còn định gọi đống cây đó là vật phẩm cổ nữa.|Tôi nhận trận đấu và giữ anh với lời hứa đó.|Được. Thắng trận này rồi lấy đủ giấy tờ, không chỉ hộp hàng.
shady_business.6|Cô đã nhận lại khoản bị thu chưa?|Rồi. Tôi giữ hóa đơn hoàn tiền nữa. Nếu bạn có trả mười BeastCoin, khoản đó được hoàn riêng, không trừ vào tiền công điều tra.|Vậy tôi xác nhận chuyện lô hàng đã được làm rõ.|Cảm ơn. Lần sau tôi hỏi xem hàng trước khi nghe lời quảng cáo.
delivery_hell.1|Người nhận nào tên Mai trên phiếu này?|Phiếu chỉ ghi cô Mai. Mai ở phố, tiến sĩ Mai ở cảng... tôi đã hỏi người gửi nhưng chưa có trả lời. Cậu hỏi Mai ở phố trước giúp tôi.|Tôi sẽ hỏi Mai ở phố xem cô ấy có đặt hàng không.|Cảm ơn. Đừng giao bừa để cô ấy phải tìm người trả lại hộ.
delivery_hell.2|Cô có đặt kiện hàng cảm biến này không?|Không. Nhãn bên trong ghi phòng nghiên cứu thời tiết. Bạn cần gặp tiến sĩ Mai ở cảng, chứ không phải tôi.|Tôi sẽ mang thông tin đến tiến sĩ Mai.|Được. Bạn nhớ dùng tên đơn vị, không chỉ tên Mai nữa nhé.
delivery_hell.3|Cô nhận được cảm biến hay chỉ chiếc hộp?|Chỉ hộp rỗng. Bình thấy Wingull mang lớp bọc ra bến. Có thể cảm biến rơi ở chỗ nó làm tổ; xem trước khi báo mất.|Tôi sẽ kiểm tra chỗ Wingull tha lớp bọc.|Cảm ơn. Nếu còn thiết bị, đừng kéo dây buộc trước khi xem nó mắc ở đâu.
delivery_hell.4|Cảm biến có hỏng khi bị tha đi không?|Nó còn nguyên. Wingull lấy dây làm tổ, nên cần ba sợi dây mới để đóng gói lại. Thiết bị vẫn cần giao đúng phòng nghiên cứu.|Tôi sẽ đưa ba sợi dây đến Mai.|Bạn ghi nhận cảm biến còn nguyên và vị trí tìm thấy.
delivery_hell.5|Ba sợi dây này đủ để đóng gói lại chứ?|Đủ. Tôi sẽ buộc lại rồi ký nhận bằng tên đầy đủ và tên phòng. Nam cũng cần ghi rõ đơn vị ngay từ phiếu gửi.|Tôi giao ba sợi dây cho cô.|Cảm ơn. Kiện hàng đã được nhận đúng chỗ, tôi sẽ báo Nam.
sleep_is_joy.1|Ông nghĩ Pokémon mất ngủ vì việc gì?|Phòng bật đèn muộn, chuông giao hàng còn kêu ban đêm. Hỏi Mira lịch nghỉ của chúng trước khi nghĩ đến một bệnh lạ.|Tôi sẽ hỏi Mira về giờ chúng nghỉ.|Được. Ta kiểm tra những thứ trong phòng trước khi đặt tên cho một bí ẩn.
sleep_is_joy.2|Chỗ ngủ có tiếng ồn vào giờ nào?|Còi giao hàng kêu cả lúc không có chuyến. Snorlax vẫn ngủ, nhưng những con khác tỉnh. Bạn xem giờ chuông ngoài phòng giúp mình.|Tôi sẽ kiểm tra lịch chuông.|Cảm ơn. Mình giữ chỗ nghỉ yên trong lúc bạn xem.
sleep_is_joy.3|Chuông có khớp lịch giao hàng không?|Không. Nam dùng lịch báo thức riêng, nên chuông kêu cả giờ không có chuyến. Mira cần hai tấm len trắng lót lại chỗ nghỉ.|Tôi sẽ mang len cho Mira và báo lịch chuông sai.|Bạn lưu lại những giờ không có chuyến nhưng chuông vẫn kêu.
sleep_is_joy.4|Len này dùng cho chỗ nghỉ đã dời khỏi chuông chứ?|Đúng. Chỗ mới yên hơn, Hale sẽ chỉnh giờ nhận hàng. Hai tấm len trắng đủ để lót thêm phần còn thiếu.|Tôi giao hai tấm len cho Mira.|Cảm ơn. Bạn về báo Hale chỗ nghỉ đã sẵn sàng nhé.
sleep_is_joy.5|Chuông và chỗ nghỉ đã được sửa. Ông có nghỉ sớm hơn không?|Có. Ta đã đổi giờ nhận hàng và sẽ tắt đèn sớm. Không thể bảo cậu ngủ đủ rồi chính mình giữ phòng sáng cả đêm.|Vậy tối nay cả phòng nghỉ sớm nhé.|Được. Ta cất phần đang đọc, không đọc thêm một chương nữa.
bread_queue.1|Chị biết bánh mất vào lúc nào không?|Trước giờ mở cửa. Minh thấy người tới sớm; hỏi em ấy rồi so với sổ đặt bánh giúp tôi.|Tôi sẽ hỏi Minh và xem sổ đặt bánh.|Cảm ơn. Tôi cần biết phần nào đã được trả tiền trước khi gọi ai là người lấy trộm.
bread_queue.2|Bảo có trả tiền phần bánh mang đi không?|Ngày đầu có. Tôi nghĩ cậu ấy tưởng khoản đó tính cho cả tuần. Sổ ở tiệm cho biết đã đặt bao nhiêu phần.|Tôi sẽ đối chiếu số phần trong sổ.|Được. Đừng để tôi đoán hộ ý Bảo rồi thành một câu chuyện mới.
bread_queue.3|Khoản tiền ghi trong sổ đủ mấy ngày?|Chỉ một ngày. Những phần sau không có tên người đặt. Quỳnh cần tám bó lúa mì nếu muốn làm thêm mẻ cho Pokémon ngoài đường.|Tôi sẽ mang tám bó lúa mì đến Quỳnh.|Bạn giữ lại khoản đã trả và những phần chưa được ghi tên.
bread_queue.4|Tám bó lúa mì này dùng cho mẻ bánh riêng chứ?|Đúng. Tôi sẽ giữ một phần riêng, nhưng Bảo phải ghi tên và giờ nhận. Tôi cần tính được bột trước mỗi mẻ.|Tôi giao tám bó lúa mì cho mẻ bánh.|Cảm ơn. Nhắn Bảo tới ghi lịch nhận giúp tôi nhé.
bread_queue.5|Cậu có đồng ý ghi lịch với Quỳnh không?|Có. Tôi tưởng mang bánh cho Pokémon là đủ, nhưng Quỳnh còn phải tính nguyên liệu. Tôi sẽ tới ký phần nhận của mình.|Vậy tôi xác nhận cậu sẽ tự ghi lịch.|Ừ. Lần sau tôi hỏi trước khi lấy phần chưa được đặt.
mira_missing_bell.1|Chuông bị hỏng hay Pokémon không với tới?|Nó treo đúng tầm, nhưng không kêu. Bạn kiểm tra nút buộc ở cạnh giường giúp mình; mình không muốn đoán rằng Pokémon không cần gì.|Tôi sẽ kiểm tra chuông gọi.|Cảm ơn. Mình ở lại bên giường trong lúc bạn xem.
mira_missing_bell.2|Điều gì giữ chuông không kêu?|Một nút thắt chặn dây chuông. Có người buộc lại để bớt ồn rồi chưa tháo ra. Bác Phúc từng ngồi ở giường bên cạnh.|Tôi sẽ hỏi bác Phúc về nút thắt.|Bạn ghi lại dây bị buộc, không kết luận trước về lý do.
mira_missing_bell.3|Bác có biết dây chuông bị buộc không?|Bác buộc, rồi quên tháo. Bác sẽ xin lỗi Mira. Cần yên không có nghĩa được làm chuông gọi người chăm sóc im đi.|Tôi sẽ mang hai sợi dây làm chuông thay thế.|Ừ. Cảm ơn cháu. Bác tháo nút cũ ngay.
mira_missing_bell.4|Hai sợi dây này đủ làm chuông mới chứ?|Đủ. Mình sẽ treo trong tầm với và thử tiếng chuông sau mỗi ca, không chỉ nhìn xem nó còn treo hay không.|Tôi giao hai sợi dây cho Mira.|Cảm ơn. Bạn báo bác Phúc là người nằm ở đây đã gọi được mình nhé.
mira_missing_bell.5|Chuông đã hoạt động. Bác có quay lại xin lỗi không?|Bác đã tới rồi. Nó vẫn kéo áo, nhưng lần này muốn bác ngồi cùng. Bác sẽ hỏi Mira trước khi chỉnh thứ gì cạnh giường.|Tôi mừng vì hai người đã nói chuyện.|Ừ. Cảm ơn cháu đã quay lại báo, không để bác tự đoán.
tomo_spare_parts.1|Khách nghi chiếc xe có vấn đề gì?|Số xe đúng, nhưng giấy bảo dưỡng ghi tên người khác. Tôi không muốn khách phải tin lời nói của tôi thay cho giấy tờ.|Tôi sẽ hỏi Nam về nhãn giao xe.|Cảm ơn. Mang số khung đối chiếu cùng nhé.
tomo_spare_parts.2|Anh dán hai nhãn vào cùng một xe sao?|Ừ. Hai phiếu đi cùng một chuyến, tôi ghim nhầm rồi dán cả hai. Sổ bảo dưỡng còn số khung gốc.|Tôi sẽ đối chiếu số khung trong sổ.|Được. Tôi giữ lại phiếu giao, không sửa tên trước khi kiểm tra.
tomo_spare_parts.3|Số khung có bị đổi không?|Không. Hai hồ sơ bị ghim chung làm sai tên chủ xe. Tomo cần bốn thỏi sắt sửa giá để khách tự xem được số khung.|Tôi sẽ mang bốn thỏi sắt cho Tomo.|Bạn giữ số khung đúng cùng hai hồ sơ bị ghim nhầm.
tomo_spare_parts.4|Giá mới giúp khách kiểm tra xe thế nào?|Nó giữ xe chắc để nhìn số khung trực tiếp. Tôi sẽ sửa tên trên giấy theo sổ gốc, không bắt khách chỉ nghe lời tôi.|Tôi giao bốn thỏi sắt làm giá sửa xe.|Cảm ơn. Nhờ Nam tách hai phiếu và ký lại biên nhận nhé.
tomo_spare_parts.5|Anh đã tách phiếu và ký lại chưa?|Rồi. Một xe, một số khung, một tên người nhận. Tôi sẽ chụp phiếu trước khi giao để còn đối chiếu nếu nhãn bị ướt.|Vậy tôi xác nhận giấy bảo dưỡng đã sửa.|Cảm ơn. Tôi báo lại Tomo để khách nhận đúng bản.
elle_mended_scarf.1|Linh trả khăn vì không thích nó nữa sao?|Em ấy vẫn thích màu, nhưng bị trêu vì mặc giống một huấn luyện viên nổi tiếng. Bạn hỏi xem em ấy muốn giữ phần nào giúp tôi.|Tôi sẽ hỏi Linh muốn chiếc khăn của mình thế nào.|Cảm ơn. Đừng hỏi em ấy đã đủ huy hiệu để mặc nó chưa nhé.
elle_mended_scarf.2|Cậu muốn giữ màu hay giữ cả biểu tượng League?|Giữ màu thôi. Tôi thích màu đó từ trước khi xem Champion. Elle có thể bỏ biểu tượng mà không đổi cả chiếc khăn không?|Tôi sẽ xem mẫu sửa khăn của Elle.|Ừ. Tôi muốn chọn chiếc khăn, không chọn cách mọi người so tôi với ai.
elle_mended_scarf.3|Mẫu sửa giữ lại phần nào?|Màu cũ được giữ, biểu tượng League được bỏ. Elle cần bốn sợi dây để may lại mép khăn sau khi tháo hình.|Tôi sẽ mang bốn sợi dây cho Elle.|Bạn ghi nhận đúng mẫu Linh muốn, không chọn thay một biểu tượng khác.
elle_mended_scarf.4|Cô sửa theo màu Linh chọn chứ?|Đúng. Tôi tháo hình, giữ màu và may lại mép. Em ấy không cần chờ một huy hiệu để được thích chiếc khăn này.|Tôi giao bốn sợi dây sửa khăn.|Cảm ơn. Bạn báo Linh ghé nhận nhé; tôi muốn em ấy tự thử lại.
elle_mended_scarf.5|Elle đã sửa khăn theo ý cậu. Cậu có muốn thử lại không?|Có. Tôi vẫn luyện đội, nhưng không muốn mỗi lần chọn màu lại phải nghĩ mình đã đủ giỏi chưa. Tôi sẽ qua quầy.|Tôi sẽ báo Elle cậu ghé nhận.|Cảm ơn. Lần này tôi sẽ nói thẳng mình thích màu gì.
library_blank_page.1|Trang nào đã bị lấy khỏi cuốn sách?|Trang có tên tác giả. Phần hướng dẫn vẫn còn. Bạn xem dấu chữ in hằn trên trang kế bên để biết ai đã viết nó.|Tôi sẽ kiểm tra dấu chữ ở trang kế.|Cảm ơn. Tôi muốn biết người bị mất tên trước khi đặt một bản khác.
library_blank_page.2|Có đọc được tên bị bỏ đi không?|Tên Kim còn hằn qua giấy. Sách ghi cách chăm Pokémon sau căng thẳng. Cần hỏi bác sĩ Kim vì sao trang tên bị lấy ra.|Tôi sẽ hỏi Kim về cuốn sách.|Bạn giữ dấu tên cùng tên phương pháp để hỏi đúng bản sách.
library_blank_page.3|Bác tự bỏ tên mình khỏi sách à?|Ừ. Bản đầu có lỗi, tôi bị nhắc mãi rồi xé tên thay vì sửa hướng dẫn. Tôi muốn viết bản đính chính có tên mình.|Tôi sẽ mang ba tờ giấy cho An chuẩn bị bản đính chính.|Cảm ơn. Tôi đánh dấu phần cần sửa để người đọc đối chiếu được.
library_blank_page.4|Bản đính chính có đặt cạnh bản cũ không?|Có. Ba tờ giấy đủ để ghi phần sửa và lý do. Tôi giữ cả bản cũ để người đọc biết hướng dẫn đã thay đổi ở đâu.|Tôi giao ba tờ giấy cho An.|Cảm ơn. Nhờ Kim đến ký bản sửa giúp tôi nhé.
library_blank_page.5|An đã chuẩn bị bản sửa. Bác muốn ký lại chứ?|Có. Tên tôi sẽ đứng cạnh phần đã sửa, không phải trên một trang giả vờ chưa có lỗi. Tôi sẽ đến thư viện hôm nay.|Tôi sẽ báo An bác tới ký.|Cảm ơn. Tôi muốn người đọc biết ai chịu trách nhiệm cho hướng dẫn này.
exam_morning.1|Cậu quên tên đòn hay không biết lúc nào nên dùng?|Tôi thuộc tên, nhưng vào trận lại không biết vì sao chọn đòn nào. Orin nói có cách luyện bằng tình huống; bạn hỏi giúp tôi được không?|Tôi sẽ hỏi Orin cách luyện bằng tình huống.|Cảm ơn. Tôi muốn biết sửa từ đâu, không học thuộc thêm một danh sách nữa.
exam_morning.2|Ông muốn Linh luyện khác cách học thuộc thế nào?|Cho em ấy một lượt cụ thể, hỏi lý do chọn đòn rồi đối chiếu kết quả. Mẫu trên bàn học bắt đầu bằng đối thủ vừa dùng Protect.|Tôi sẽ đọc tình huống trên bàn học.|Được. Nhớ hỏi lý do trước khi cho đáp án.
exam_morning.3|Đối thủ vừa dùng Protect thì cần cân nhắc gì?|Không chỉ lặp lại đòn mạnh nhất. Có thể dùng lượt đó để đổi nhịp hoặc chuẩn bị. Minh sẽ đấu minh họa để Linh có tình huống thật.|Tôi sẽ nhận trận minh họa với Minh.|Bạn giữ các phương án và lý do để đối chiếu sau trận.
exam_morning.4|Cậu đồng ý dùng trận này làm ví dụ cho Linh chứ?|Ừ. Tôi không nhường kết quả, nhưng sẽ cùng xem lại lượt quan trọng. Như thế Linh biết vì sao chọn một nước đi.|Vậy chúng ta đấu một trận thật.|Được. Sau trận tôi sẽ nói rõ phần mình đã tính sai.
exam_morning.5|Sau trận, cậu giải thích được một lượt quan trọng không?|Được. Tôi biết mình đổi Pokémon vì muốn giữ một nước đáp, không phải vì nhớ một câu mẫu. Nếu sai, tôi cũng biết phần nào cần thử lại.|Tôi nghĩ cậu đã có cách luyện tiếp rồi.|Ừ. Tôi sẽ đem lý do của mình tới lần thi sau.
orin_hale_coffee.1|Hai ông đang cãi nhau về buổi gặp cũ à?|Hale nhớ tôi mời, tôi nhớ ông ấy không chịu kết thúc. Muốn kiểm tra thì hỏi cả ông ấy và xem hóa đơn ở quán.|Tôi sẽ nghe Hale kể rồi xem hóa đơn.|Được. Đừng coi trí nhớ của tôi là bản gốc chỉ vì tôi nói chắc hơn.
orin_hale_coffee.2|Ông có nhớ vì sao buổi gặp kéo dài không?|Orin bảo nói đến khi rõ. Ta nghĩ ông ấy vẫn còn điều chưa nói, rồi gọi thêm cà phê. Quán giữ hóa đơn, xem nó sẽ biết cả hai đã ngồi bao lâu.|Tôi sẽ đối chiếu hóa đơn và ghi chú quán.|Được. Nếu hóa đơn làm ta nhớ sai một phần thì cứ nói.
orin_hale_coffee.3|Hai ông đã trả đủ tiền buổi đó chưa?|Đã trả. Chủ quán ghi xin hai người dừng tranh luận. Quỳnh đề nghị buổi gặp mới mỗi người một cốc, cần thêm hai hạt cacao.|Tôi sẽ mang hai hạt cacao cho Quỳnh.|Bạn giữ ghi chú của quán, không biến hóa đơn đã trả thành một món nợ.
orin_hale_coffee.4|Chị có nhận hai ông tới nói chuyện lần nữa không?|Có, nhưng mỗi người một cốc và phải ăn trước. Tôi không muốn cuộc tranh luận lại thay cả bữa trưa.|Tôi giao hai hạt cacao cho buổi gặp.|Cảm ơn. Nhắn Orin là bàn có chỗ ngồi, không có bảng tính người thắng.
orin_hale_coffee.5|Ông có muốn gặp Hale mà không phân thắng thua không?|Có. Tôi sẽ hỏi ông ấy dạo này ngủ được không trước. Chuyện cũ vẫn cần nói, nhưng không nhất thiết nói bằng một cuộc tranh luận kéo dài.|Vậy tôi báo Quỳnh hai ông sẽ gặp lại.|Được. Lần này tôi tự chọn giờ kết thúc.
rook_returned_wallet.1|Cô mất ví ở đâu?|Ở khu trao đổi. Rook biết trước khi tôi nói với ai. Bạn hỏi ông ấy xem có giữ ví hay giữ giấy nhận lại ví không.|Tôi sẽ hỏi Rook về chiếc ví.|Cảm ơn. Tôi cần lấy đồ của mình, chưa cần nghe một định nghĩa mới về việc mượn.
rook_returned_wallet.2|Ông đang giữ ví hay giữ biên nhận?|Biên nhận. Ví ở quầy thất lạc. Tôi định thu phí mang giấy tới, nhưng nghe cậu hỏi thì có vẻ Trâm chưa đồng ý khoản đó.|Tôi sẽ kiểm tra sổ đồ thất lạc.|Được. Sổ sẽ ghi rõ ví đã được giao, không phải tôi đang giữ tiền của cô ấy.
rook_returned_wallet.3|Ví có được ghi nhận còn đủ tiền không?|Có. Quầy đã nhận, Rook giữ biên nhận và định thu phí. Trâm cần biết ví ở đâu trước khi quyết định có nhờ ai lấy hộ.|Tôi sẽ báo Trâm ví đã về quầy.|Bạn giữ tên quầy và số biên nhận để Trâm tự nhận được đồ.
rook_returned_wallet.4|Cô có muốn trả khoản phí Rook đặt ra không?|Không. Ông ấy đưa giấy ngay thì tôi đã cảm ơn. Tôi không nhờ giữ biên nhận để rồi phải mua đường lấy lại ví.|Tôi sẽ yêu cầu Rook trả biên nhận không thu phí.|Cảm ơn. Nói đúng là tôi không chấp nhận phí, không phải chưa đủ tiền.
rook_returned_wallet.5|Trâm không nhận khoản phí. Ông có trả biên nhận không?|Có. Tôi sẽ đưa giấy và ngừng gọi nó là dịch vụ được đặt trước. Cô ấy cũng nhắc tôi giữ hóa đơn thuế; nhắc rất kỹ.|Tôi nhận biên nhận để Trâm lấy ví.|Được. Lần này không có khoản phụ nào khi cậu quay lưng.
courier_route.1|Anh đang bị bản đồ dẫn vòng ở đoạn nào?|Ngã ba gần cây cầu cũ. Tôi phải quay lại chỗ đã giao rồi mới tới bến. Bạn xem bản tuyến ở bàn giúp tôi.|Tôi sẽ kiểm tra bản tuyến giao cũ.|Cảm ơn. Tôi đánh dấu những đoạn mình đã đi lại, không tự sửa đường trước khi xác nhận.
courier_route.2|Cây cầu trên bản đồ còn mở không?|Cầu đã đóng. Bản tuyến vẫn dùng lối đó, khiến Nam đi vòng rồi quay lại điểm cũ. Bình ở bến biết lối thay thế.|Tôi sẽ đến bến hỏi Bình về lối còn mở.|Bạn ghi lại đoạn cầu đã đóng để đối chiếu với lối mới.
courier_route.3|Bến có đường nào thay cây cầu cũ?|Có lối mới vào phía bên kia. Chúng tôi chưa báo Nam vì ai cũng tưởng anh ấy đã biết. Anh ấy cần hai tờ giấy cập nhật tuyến.|Tôi sẽ mang thông tin và giấy về cho Nam.|Cảm ơn. Tôi sẽ ghi người nhận tin mỗi khi cảng đổi lối.
courier_route.4|Anh có đủ thông tin để vẽ tuyến mới chưa?|Có. Hai tờ giấy đủ để ghi đường vào bến và giữ một bản đối chiếu. Bình cần báo cho tôi trực tiếp nếu lối ấy đổi nữa.|Tôi giao hai tờ giấy để anh cập nhật tuyến.|Cảm ơn. Nhờ Bình xác nhận anh ấy sẽ báo thay đổi giúp tôi.
courier_route.5|Anh có nhận làm đầu mối báo đổi lối cho Nam không?|Có. Tôi đã ghi tên Nam và cách liên lạc. Lần sau tôi báo anh ấy, không chỉ dán giấy rồi nghĩ mọi người tự biết.|Vậy tuyến giao đã có người cập nhật rõ ràng.|Cảm ơn. Nam sẽ nhận được tin trước chuyến đầu, không phải sau khi đi vòng.
selene_wrong_rumor.1|Người ta thấy gì trước khi đồn Selene nhận tiền?|Chỉ một phong bì. Số tiền và lý do nhận đều là phần kể thêm. Bạn hỏi Selene rồi đối chiếu giấy tờ giúp tôi.|Tôi sẽ hỏi Selene về phong bì.|Cảm ơn. Tôi không muốn kể tiếp phần mình chưa kiểm tra.
selene_wrong_rumor.2|Phong bì chị nhận có gì?|Danh sách thuốc. Tôi có biên nhận đã che tên bệnh nhân; bạn xem giá và số lượng được, không cần biết người đang điều trị là ai.|Tôi sẽ xem biên nhận đã che tên.|Được. Tôi giữ bản đầy đủ cho người có trách nhiệm kiểm tra điều trị.
selene_wrong_rumor.3|Che tên bệnh nhân có khiến khoản chi không kiểm tra được không?|Không. Giá, số lượng và số lô vẫn khớp kho. Bác sĩ Kim có thể xác nhận thuốc đã tới mà không công khai bệnh nhân.|Tôi sẽ nhờ Kim xác nhận lô thuốc.|Bạn giữ số lô và tổng tiền, không chép phần tên đã được che.
selene_wrong_rumor.4|Lô thuốc trên biên nhận có tới đủ không?|Có. Tôi xác nhận số lượng, nhưng không đưa tên bệnh nhân ra để giải thích một lời đồn. Yến chỉ cần những phần liên quan khoản chi.|Tôi sẽ báo Yến số lượng và khoản chi đã khớp.|Cảm ơn. Nhớ giữ phần riêng tư của người bệnh ngoài cuộc nói chuyện.
selene_wrong_rumor.5|Chị có đính chính ở nơi đã kể lời đồn không?|Có. Tôi sẽ nói rõ mình chỉ thấy phong bì, còn biên nhận chứng minh đó là thuốc. Không thể im đi rồi coi như mọi người đã hiểu.|Vậy tôi xác nhận phần giấy tờ đã được kiểm tra.|Cảm ơn. Tôi tự nói lại với những người đã nghe từ mình.
garden_water.1|Anh nghĩ Yến lấy nước vào giờ nào?|Buổi sáng, còn tôi tưới tối. Gần đây tối không có nước, tôi chưa hỏi giờ bơm đã đổi chưa. Bạn giúp tôi kiểm tra nhé.|Tôi sẽ hỏi Yến giờ bơm thực tế.|Cảm ơn. Tôi muốn cây có nước trước khi biết ai thắng cuộc cãi này.
garden_water.2|Chị có đổi giờ bơm chung không?|Bảng vận hành đổi sang ban ngày. Tôi tưởng Lực đã thấy thông báo. Cậu xem cả bảng cũ ở van sẽ hiểu vì sao anh ấy chờ ban đêm.|Tôi sẽ đối chiếu hai bảng giờ ở van.|Được. Tôi chưa tăng phần nước của mình; cứ kiểm tra giờ trước.
garden_water.3|Hai bảng đang ghi giờ khác nhau ở đâu?|Bảng cũ ghi chạy đêm, bảng vận hành mới ghi chạy ngày. Lực cần hai thỏi sắt làm bảng giờ mới ở van chung.|Tôi sẽ mang hai thỏi sắt cho Lực.|Bạn giữ lại giờ đã đổi để viết đúng trên bảng thay thế.
garden_water.4|Anh muốn ghi phần tưới của cả hai lên bảng chứ?|Có. Tôi nhận buổi chiều nếu Yến nhận buổi sáng. Hai thỏi sắt đủ làm bảng chắc để giờ cũ không còn treo bên cạnh.|Tôi giao hai thỏi sắt làm bảng giờ mới.|Cảm ơn. Nhờ Yến xác nhận khung giờ của cô ấy giúp tôi.
garden_water.5|Chị đồng ý tưới sáng và để Lực tưới chiều không?|Đồng ý. Tôi đã ghi cả hai tên lên bảng. Nếu bơm đổi giờ nữa, chúng tôi báo nhau trước khi cho rằng người kia lấy thêm nước.|Vậy lịch tưới chung đã thống nhất.|Cảm ơn. Tôi sẽ báo Lực ngay nếu có thay đổi.
mara_missed_call.1|Cậu gọi vì có chuyện ở sân tập sao?|Không. Tôi không nhận được tin cậu về, nên muốn kiểm tra. Nếu thấy tôi lo quá, hỏi Hale; ông ấy biết vì sao tôi không thích những cuộc hẹn mất hồi âm.|Tôi sẽ nói chuyện với Hale rồi báo cậu.|Được. Lần sau chỉ một tin “đã tới” cũng đủ.
mara_missed_call.2|Vì sao Mara lo khi không nhận được hồi âm?|Một người trong nhóm cũ của cô ấy từng không trả lời rồi không trở về. Giấy hẹn ở sân cho thấy cô ấy chỉ muốn cậu tới, không muốn đặt thêm một bài thử.|Tôi sẽ đọc giấy hẹn rồi gặp Mara.|Được. Đừng dùng chuyện cô ấy lo làm trò trêu nhé.
mara_missed_call.3|Mara có đặt điều kiện phải thắng trong giấy hẹn không?|Không. Giấy ghi không cần thắng, chỉ cần tới. Cô ấy muốn có một trận tập và một cuộc hẹn được giữ.|Tôi sẽ tới nhận trận tập với Mara.|Bạn giữ đúng lời hẹn, không thêm điều kiện mà Mara chưa đặt.
mara_missed_call.4|Cậu muốn trận này vẫn là một trận nghiêm túc chứ?|Có. Tôi lo cho cậu, nhưng vẫn muốn thắng. Chúng ta đấu xong rồi nói cách báo tin khi đi xa.|Vậy bắt đầu trận tập.|Được. Sau trận cậu đừng rời đi trước khi hẹn giờ báo tin nhé.
mara_missed_call.5|Một tin khi tới nơi và một tin khi đổi kế hoạch có đủ không?|Đủ. Tôi không cần cậu báo từng bước. Nếu trễ thì nói trễ, để tôi biết đang chờ chứ không phải đang tìm người.|Tôi đồng ý báo khi tới nơi hoặc đổi kế hoạch.|Được. Tôi cũng làm như thế với cậu.
ranger_lost_boot.1|Có dấu hiệu người đi rừng chưa trở về không?|Chỉ mới thấy một chiếc ủng mắc bùn. Chúng tôi chưa tìm chiếc còn lại. Bạn xem hướng dấu chân trước khi báo một tình huống xấu nhé.|Tôi sẽ đọc dấu bùn gần chiếc ủng.|Cảm ơn. Tôi giữ trạm liên lạc trong lúc bạn kiểm tra.
ranger_lost_boot.2|Dấu chân đi sâu vào rừng hay về trạm?|Dấu chân trần quay về trạm. Người đi có vẻ bỏ chiếc ủng bị kẹt. Cần đến chỗ Vũ xác nhận tên người đã trở về.|Tôi sẽ đến trạm Vũ kiểm tra.|Bạn ghi lại hướng dấu chân, không kết thúc tìm kiếm chỉ từ một suy đoán.
ranger_lost_boot.3|Người bỏ chiếc ủng có tới trạm anh không?|Có, đang hong tất. Máy liên lạc hết pin, tôi chưa biết bên Hạnh đang tìm. Cô ấy cần hai tấm len trắng cho đồ giữ ấm ở trạm.|Tôi sẽ báo Hạnh và mang len cho trạm.|Cảm ơn. Tôi ghi tên người tới ngay, không chỉ những người bị thương.
ranger_lost_boot.4|Hai tấm len này sẽ được giữ sẵn ở trạm chứ?|Đúng. Tôi đã nhận tên người về an toàn. Len dùng cho bộ giữ ấm, còn Vũ cần ghi tên mọi người tới để chúng tôi báo nhau được.|Tôi giao hai tấm len trắng cho Hạnh.|Cảm ơn. Nhờ Vũ xác nhận quy trình ghi tên mới nhé.
ranger_lost_boot.5|Anh đã ghi cả người tới mà không bị thương chưa?|Rồi. Tôi giữ tên và trạm cần báo. Người không bị thương vẫn có thể đang được đội khác tìm, tôi không bỏ qua phần đó nữa.|Vậy hai trạm đã xác nhận người về đủ.|Cảm ơn. Tôi gửi tin bằng tên người, không chỉ nói chắc mọi thứ ổn.
firewatch_false_alarm.1|Ba báo động trước đều xuất phát từ đâu?|Từ khói bếp. Lần thứ tư không ai đứng lên. Bạn kiểm tra hướng cảm biến giúp tôi; cứ gọi mọi người đứng dậy mà không sửa lỗi thì chẳng được gì.|Tôi sẽ kiểm tra cảm biến.|Cảm ơn. Tôi giữ bản giờ báo động để bạn so.
firewatch_false_alarm.2|Cảm biến đang nhìn về rừng không?|Không. Nó hướng vào bếp và quay lưng với rừng. Cần xin Warden đổi vị trí rồi thử báo động lại, không bỏ hẳn máy.|Tôi sẽ báo Warden hướng đặt đang sai.|Bạn giữ sơ đồ hướng bếp và rừng để chọn vị trí mới.
firewatch_false_alarm.3|Ông có cho đổi vị trí cảm biến không?|Có. Chúng ta sửa nguồn báo sai rồi tập nhận báo mới. Vũ cần hai bụi redstone cho bộ báo thay thế.|Tôi sẽ mang hai redstone cho Vũ.|Được. Ta báo các trạm đây là buổi thử để không gây thêm hoảng loạn.
firewatch_false_alarm.4|Bộ báo mới có gửi rõ vị trí không?|Có, nó ghi tên trạm và khu vực. Hai redstone đủ cho phần mạch còn thiếu. Tôi sẽ thử bằng nhiệt đúng hướng rừng.|Tôi giao hai redstone cho bộ báo.|Cảm ơn. Bạn xác nhận Hạnh đã nhận được tin thử nhé.
firewatch_false_alarm.5|Tin thử có tới đủ vị trí và tên trạm không?|Có. Tôi biết phải tới đâu, không phải đoán từ một tiếng chuông. Tôi sẽ báo lại Vũ để anh ấy ghi kết quả thử.|Vậy tôi xác nhận bộ báo mới đã được kiểm tra.|Cảm ơn. Lần sau chúng tôi có cơ sở để nhận báo thật nghiêm túc.
warehouse_unpaid.1|Anh có giấy nào ghi ca mà Vex phủ nhận không?|Có thẻ chấm công giấy. Bản máy mất tên tôi, nhưng thẻ vẫn ghi giờ. Nó bị bỏ riêng ở chỗ hồ sơ kho.|Tôi sẽ kiểm tra thẻ chấm công.|Cảm ơn. Tôi muốn chứng minh mình đã làm ca đó trước khi đòi tiền công.
warehouse_unpaid.2|Thẻ giấy và sổ máy khác nhau thế nào?|Giấy còn tên và giờ, sổ máy mất cả ca. Chuyến hàng Rocket đã bị xóa cùng ca làm. Trâm có thể đối chiếu tổng giờ.|Tôi sẽ nhờ Trâm kiểm tra số giờ.|Bạn giữ nguyên thẻ giấy và phần ca bị thiếu trong sổ máy.
warehouse_unpaid.3|Cô có xác nhận được số giờ dù kho của Rocket không hợp pháp không?|Có. Kho vi phạm không làm người đã làm việc mất quyền đòi tiền công. Châu cần ba tờ giấy để lập hồ sơ cho từng người.|Tôi sẽ mang ba tờ giấy cho Châu.|Cảm ơn. Tôi ghi phép tính và ký phần đã đối chiếu.
warehouse_unpaid.4|Anh có giữ bản sao cho người lao động không?|Có. Một bản ở mỗi người, một bản nộp hồ sơ. Tôi không giữ tất cả ở cùng một chỗ để lại có thể bị làm mất.|Tôi giao ba tờ giấy lập hồ sơ.|Cảm ơn. Báo Đức đơn đã được nộp và anh ấy giữ bản nào nhé.
warehouse_unpaid.5|Anh đã nhận được bản sao và biết ai xử lý đơn chưa?|Rồi. Tôi chưa nhận tiền hôm nay, nhưng có giấy chứng minh giờ làm và tên người nhận đơn. Tôi sẽ giữ phần đó để hỏi tiếp.|Vậy tôi xác nhận hồ sơ đã tới tay anh.|Cảm ơn. Tôi tự hỏi người nhận đơn từ đây, không bắt cậu đi thay mãi.
iris_first_repair.1|Cô muốn bắt đầu sửa phần dữ liệu nào?|Kim đang thiếu dữ liệu thuốc đúng. Tôi muốn tìm phần mình đã sửa sai và làm bản đối chiếu; lời xin lỗi không thay được dữ liệu cô ấy cần.|Tôi sẽ hỏi Kim phần còn thiếu.|Cảm ơn. Tôi chuẩn bị bản gốc để cô ấy kiểm tra được lời tôi.
iris_first_repair.2|Bác cần Iris cung cấp điều gì để dùng lại dữ liệu?|Chỉ đúng hàng đã bị sửa, kèm bản gốc. Tôi không cần cô ấy chứng minh mình chưa từng sai; tôi cần biết liều nào có thể dùng.|Tôi sẽ đọc bảng liều lượng gốc của Iris.|Cảm ơn. Đối chiếu từng hàng bị đánh dấu, đừng chỉ đọc lời kết luận.
iris_first_repair.3|Hàng bị sửa thay đổi nội dung gì?|Liều ghi bị giảm để che hao hụt kho. Iris đánh dấu bằng chính chữ ký từng dùng trên bản sai. Cô ấy cần bốn tờ giấy in bản sửa gửi các trạm.|Tôi sẽ mang bốn tờ giấy cho Iris.|Bạn giữ cả liều gốc, liều đã sửa sai và dấu xác nhận.
iris_first_repair.4|Cô sẽ ký tên trên mọi bản sửa chứ?|Có. Ai muốn biết vì sao tin bản này có thể so với bản gốc và hỏi tôi. Bốn tờ giấy đủ để gửi các trạm cần đối chiếu.|Tôi giao bốn tờ giấy in bản sửa.|Cảm ơn. Nhờ Kim xác nhận đã nhận và kiểm tra bản mới nhé.
iris_first_repair.5|Bác đã kiểm tra và dùng được bản sửa chưa?|Rồi. Tôi giữ cả bản cũ để biết lỗi nằm ở đâu. Iris vẫn phải trả lời về việc trước đây, nhưng phần dữ liệu cần cho điều trị đã đúng.|Vậy tôi xác nhận bản sửa đã được kiểm tra.|Cảm ơn. Tôi sẽ báo Iris nếu có thêm hàng cần đối chiếu.
mechanic_silent_motor.1|Anh đã báo lỗi máy này chưa?|Bốn lần. Mỗi lần hồ sơ đổi thành lỗi thao tác và tôi bị tính vào ca. Ghi chú sửa máy vẫn còn, cậu xem trước khi hỏi Châu.|Tôi sẽ đọc các ghi chú đã bị gạch.|Cảm ơn. Tôi cần có người đối chiếu, không chỉ nghe tôi nói máy kêu lạ.
mechanic_silent_motor.2|Những ghi chú bị gạch có cùng mô tả lỗi không?|Có. Cùng một lỗi được Sơn báo bốn lần, nhưng người duyệt đổi thành thao tác sai. Châu có thể xác nhận quy trình báo hỏng mà không phạt người báo.|Tôi sẽ hỏi Châu về quyền báo hỏng.|Bạn giữ những lần đã báo và chữ ký người đổi kết luận.
mechanic_silent_motor.3|Anh có bảo đảm báo lỗi máy không bị tính thành lỗi ca không?|Có. Tôi đưa báo hỏng vào hồ sơ an toàn. Sơn cần ba thỏi sắt sửa vỏ máy; phần đã báo phải được giữ để kiểm tra sau.|Tôi sẽ mang ba thỏi sắt cho Sơn.|Cảm ơn. Tôi ký xác nhận quyền báo lỗi trước khi sửa máy.
mechanic_silent_motor.4|Anh có ghi lại đúng phần máy hỏng lần này không?|Có. Tôi ký tên người sửa, không ký nhận rằng mình gây ra lỗi chưa được chứng minh. Ba thỏi sắt đủ thay phần vỏ.|Tôi giao ba thỏi sắt sửa máy.|Cảm ơn. Nhờ Châu kiểm tra hồ sơ ca thử sau khi tôi thay vỏ nhé.
mechanic_silent_motor.5|Ca thử đã được ghi vào hồ sơ an toàn chưa?|Rồi. Lỗi nằm ở máy, báo của Sơn đã được giữ. Nếu lần sau có vấn đề, anh ấy có thể báo mà không tự nhận một khoản phạt.|Vậy tôi xác nhận máy và hồ sơ đã được sửa.|Cảm ơn. Tôi kiểm tra cách ghi này trong các ca sau nữa.
marlow_false_tablet.1|Ông nghi tấm bia vì dấu hiệu nào?|Mùi sơn còn mới, nhưng Orin nói thế chưa đủ. Bản vẽ trong catalog có thể cho biết dòng khắc đã lấy từ đâu.|Tôi sẽ đối chiếu catalog bảo tàng.|Được. Ta muốn một lý do kiểm tra được, không chỉ một nhận xét của cái mũi.
marlow_false_tablet.2|Dòng khắc có dấu hiệu chép từ tài liệu mới không?|Nó lặp đúng lỗi đánh máy trong sách năm ngoái. Bản phục dựng đã chép từ sách. Hương giữ thông tin người tặng.|Tôi sẽ hỏi Hương về nguồn tấm bia.|Bạn giữ trang sách có lỗi giống nhau để đối chiếu với dòng khắc.
marlow_false_tablet.3|Người tặng có đưa giấy chứng minh tuổi tấm bia không?|Không. Họ muốn ghi tên gia đình ở gian trưng bày. Tôi cần ba tờ giấy làm nhãn đính chính để không giữ một tuổi sai cho hiện vật.|Tôi sẽ mang giấy làm nhãn đúng nguồn.|Cảm ơn. Tôi nói chuyện với gia đình người tặng, không tự bỏ tên họ khỏi hồ sơ.
marlow_false_tablet.4|Nhãn mới có giữ tên người tặng không?|Có, nhưng ghi đây là bản phục dựng hiện đại. Gia đình được nhắc tên vì đã tặng, không vì một tuổi hiện vật không có thật.|Tôi giao ba tờ giấy làm nhãn đính chính.|Cảm ơn. Nhờ bạn báo Marlow cách trưng bày mới nhé.
marlow_false_tablet.5|Ông đồng ý trưng bản phục dựng với tuổi đúng chứ?|Đồng ý. Nó còn cho biết người ta đã đọc sai lịch sử như thế nào. Ta không cần ném nó đi, chỉ cần thôi gọi nó là bia cổ.|Vậy tôi xác nhận tuổi và nguồn đã được đính chính.|Được. Ta sẽ xem nhãn mới trước buổi hướng dẫn tiếp theo.
photo_without_face.1|Người trong ảnh muốn giữ lại phần nào?|Ông ấy muốn chứng minh đã có mặt ở buổi cứu hộ, nhưng tránh nhìn chính mình. Bạn hỏi Warden xem ông ấy có đồng ý xem cả khung không.|Tôi sẽ hỏi Warden về bộ ảnh.|Cảm ơn. Tôi không cắt hay in một bản mới trước khi ông ấy đồng ý.
photo_without_face.2|Ông có muốn xem ảnh gốc chưa cắt không?|Có. Ta đứng ở mép, người không về đứng giữa. Ta đã tránh nhìn cả hai chỗ. Bộ ảnh gốc vẫn còn để cậu kiểm tra.|Tôi sẽ xem bộ ảnh rồi hỏi Ly cách in.|Được. Đừng cắt phần khó nhìn chỉ để ta dễ nhận hơn.
photo_without_face.3|Ảnh gốc có giữ đủ những người tham gia không?|Có. Có người cười, người mệt và người quay mặt. Ly cần hai tờ giấy in cả khung thay cho bản đã cắt.|Tôi sẽ mang giấy để Ly in ảnh đầy đủ.|Bạn ghi nhận sự đồng ý của Warden cùng khung ảnh cần giữ.
photo_without_face.4|Cô sẽ in đúng cả khung Warden đã đồng ý chứ?|Đúng. Tôi không sửa để ông ấy trông như một biểu tượng. Hai tờ giấy đủ cho bản nhận và bản đối chiếu.|Tôi giao hai tờ giấy in ảnh.|Cảm ơn. Nhờ Warden tới nhận đúng bản ông ấy đã chọn nhé.
photo_without_face.5|Ông có nhận bản ảnh giữ đủ mọi người không?|Có. Ta giữ nó để nhớ mình đã có mặt và vẫn còn điều phải làm. Không cần ai khen ta chỉ vì cuối cùng chịu nhìn bức ảnh.|Tôi xác nhận ông nhận bản đầy đủ.|Cảm ơn. Ta sẽ ghi tên những người trong ảnh ở bên cạnh, không bỏ phần ở giữa nữa.
museum_open_hours.1|Học sinh có tới được trong giờ bảo tàng mở không?|Có lẽ không. Tôi mở lúc các em ở trường, đóng lúc tan học rồi lại trách không có khách. Bạn hỏi Linh giờ nào em ấy tới được giúp tôi.|Tôi sẽ hỏi Linh về giờ có thể tới.|Cảm ơn. Tôi muốn sửa lịch theo người tới, không sửa báo cáo cho dễ nhìn.
museum_open_hours.2|Cậu có thể tới bảo tàng sau giờ học lúc nào?|Buổi chiều. Tôi không muốn trốn lớp để chứng minh mình thích học lịch sử. Sổ khách có thể cho thấy những bạn khác cũng gặp chuyện đó.|Tôi sẽ đối chiếu giờ trong sổ khách.|Cảm ơn. Nếu có ca chiều, tôi sẽ rủ Bảo đi cùng.
museum_open_hours.3|Sổ có cho thấy học sinh chỉ tới ngày nghỉ không?|Có. Đơn xin mở muộn còn nằm dưới báo cáo ít khách. Hương cần hai redstone cho chuông báo ca chiều.|Tôi sẽ mang redstone để Hương mở ca mới.|Bạn giữ giờ học sinh tới cùng đơn đã bị bỏ qua.
museum_open_hours.4|Cô đã chọn người phụ trách ca chiều chưa?|Rồi. Một ngày mỗi tuần có người trực rõ tên. Hai redstone đủ nối chuông báo; tôi không chỉ dán lịch rồi để ca trống.|Tôi giao hai redstone cho ca chiều.|Cảm ơn. Bạn báo Linh ngày và giờ mở mới nhé.
museum_open_hours.5|Cậu có muốn tới theo lịch chiều mới không?|Có. Tôi rủ Bảo rồi. Cậu ấy sợ bị hỏi bài; tôi bảo lần này chúng tôi được hỏi người hướng dẫn.|Vậy tôi báo Hương hai cậu sẽ ghé.|Cảm ơn. Chúng tôi sẽ xem đúng lịch, không đứng đợi sau cửa đã đóng nữa.
harbour_lost_catch.1|Vì sao mọi người cho rằng thùng cá là của chị?|Vì tôi đánh cá. Tôi vừa đi chuyến khác về, chưa ai hỏi tôi có nhận thùng này không. Nhãn tàu trên thùng sẽ cho biết người gửi.|Tôi sẽ kiểm tra nhãn chuyến tàu.|Cảm ơn. Tôi muốn thùng tới đúng người, không chỉ được gán một chủ cho xong.
harbour_lost_catch.2|Nhãn còn đọc được tên tàu không?|Tên tàu Hoa còn rõ, giờ về bị nước làm nhòe. Người nhận tưởng tàu chưa cập bến. Cần hỏi Hoa người đặt mẻ cá.|Tôi sẽ hỏi Hoa về người nhận.|Bạn giữ tên tàu và phần giờ bị nhòe để đối chiếu.
harbour_lost_catch.3|Ai đặt mẻ cá trên tàu chị?|Đội cứu hộ đặt bữa ăn. Tôi nghĩ người ở bến sẽ nhận, nhưng không ghi tên ai. Bình cần hai tấm ván sồi làm điểm nhận có nắp.|Tôi sẽ mang vật tư cho Bình làm điểm nhận.|Cảm ơn. Lần sau tôi ghi người nhận cụ thể ngay trên phiếu.
harbour_lost_catch.4|Anh nhận làm đầu mối cho chuyến này chứ?|Có. Tôi ký nhận và đặt thùng ở chỗ có nắp. Hai tấm ván đủ sửa phần che để nhãn không bị ướt nữa.|Tôi giao hai tấm ván sồi cho anh.|Cảm ơn. Báo Thảo là mẻ cá đã có người nhận đúng nhé.
harbour_lost_catch.5|Mẻ cá đã tới đội cứu hộ. Chị còn cần xác nhận gì không?|Không, cảm ơn bạn. Tôi chỉ muốn lần sau người ta hỏi chuyến tôi đi trước khi gán một thùng ngoài bến cho tôi.|Vậy tôi xác nhận chuyện người nhận đã rõ.|Cảm ơn. Mai tôi vẫn ra tàu của mình, không phải đi giải thích thùng của tàu khác.
harbour_breathing.1|Cậu đang luyện chiến thuật gì với Cloyster?|Tăng sức mạnh rồi kết thúc nhanh. Tôi đặt tên bài hơi dài; Dorian bảo tôi nên lo giữ lượt chuẩn bị hơn. Hỏi ông ấy phần đội tôi còn thiếu đi.|Tôi sẽ hỏi Dorian về đội của cậu.|Được. Tôi vẫn luyện, không đổi tên bài để giả vờ đã sửa được đội.
harbour_breathing.2|Điểm yếu của đội Hải nằm ở lượt nào?|Lượt dùng Shell Smash. Nếu không giữ được cơ hội chuẩn bị, phần còn lại khó chạy. Bảng luyện ghi các cách gây áp lực vào lượt đó.|Tôi sẽ đọc bảng về Shell Smash.|Được. Đọc cả cái giá của tăng sức mạnh, không chỉ con số được tăng.
harbour_breathing.3|Shell Smash đổi lấy những rủi ro nào?|Đội mạnh và nhanh hơn, nhưng phòng thủ giảm. Đòn ưu tiên hoặc ép đổi có thể tận dụng chỗ đó. Hải nhận một trận tập để thử cách giữ lượt.|Tôi sẽ đấu với Hải và thử một nước đáp.|Bạn giữ những phương án hợp lệ, không coi đòn của đối thủ là điều cần cấm.
harbour_breathing.4|Cậu vẫn dùng đội tăng sức mạnh trong trận này chứ?|Ừ. Tôi muốn biết mình giữ được lượt chuẩn bị không. Cậu cứ đánh thật, đừng để tôi dựng đội chỉ vì đang tập.|Vậy bắt đầu trận tập.|Được. Lần này tôi xem lại nước đi trước khi nghĩ tên bài mới.
harbour_breathing.5|Buổi tập đã giúp Hải sửa được phần nào?|Cậu ấy bắt đầu giữ lượt chuẩn bị thay vì chỉ trông chờ đòn mạnh. Tôi sẽ cùng xem lại trận; kết quả chưa làm bài tập hết giá trị.|Tôi xác nhận trận tập đã kết thúc.|Cảm ơn. Tôi giữ bản ghi để Hải tự giải thích lượt cần sửa.
tower_waiting_chair.1|Chiếc ghế Rowan giữ có dành cho người đang thi không?|Cho một người bạn đã không thi lại. Rowan muốn mời, nhưng cứ chờ bạn thắng thêm giải. Bạn hỏi xem anh ấy có muốn mời người tới xem không.|Tôi sẽ nói chuyện với Rowan về lời mời.|Cảm ơn. Quyền vào xem không đòi một kết quả thi mới.
tower_waiting_chair.2|Anh có muốn mời bạn tới dù người ấy không đấu không?|Có. Tôi cứ nghĩ phải chờ cậu ấy sẵn sàng thi lại. Thẻ cũ ở phòng chờ có quy định người quan sát; xem giúp tôi phần đó.|Tôi sẽ xem quyền quan sát trên thẻ.|Cảm ơn. Tôi muốn lời mời này không thành thêm một bài thử cho bạn mình.
tower_waiting_chair.3|Thẻ yêu cầu người quan sát tham gia một trận không?|Không. Người có lời mời được vào xem mà không phải đấu. Lễ tân cần hai tờ giấy viết lời mời rõ điều đó.|Tôi sẽ mang giấy làm lời mời không bắt buộc đấu.|Bạn giữ đúng quyền quan sát để không thêm điều kiện thi đấu vào thư.
tower_waiting_chair.4|Thư mới có nói rõ đến xem cũng được không?|Có. Tôi ghi phần đó ngay cạnh giờ hẹn. Hai tờ giấy đủ cho thư và bản lưu, để người nhận không phải đoán có được vào hay không.|Tôi giao hai tờ giấy làm lời mời.|Cảm ơn. Đưa Rowan xác nhận rồi gửi cho bạn nhé.
tower_waiting_chair.5|Anh sẽ gửi lời mời không kèm yêu cầu thắng giải chứ?|Ừ. Ghế này dành cho cậu ấy, không dành cho thành tích của cậu ấy. Tôi gửi ngay, không chờ một kết quả khác nữa.|Vậy tôi xác nhận lời mời đã được chuẩn bị.|Cảm ơn. Tôi sẽ tự báo lễ tân khi bạn trả lời.
nyx_clock.1|Cô đo thời gian để tránh việc gì?|Để khỏi chờ mà không biết có ai trả lời không. Nhưng giờ tôi đo cả những việc chẳng cần kết thúc nhanh. Hỏi lễ tân xem tôi đã bỏ lỡ điều gì nhé.|Tôi sẽ nghe lễ tân kể rồi quay lại.|Được. Tôi muốn một lời kể thật, không chỉ thêm con số vào lịch.
nyx_clock.2|Nyx thường bỏ lỡ những cuộc hẹn nào?|Bữa trưa, chuyện với bạn và cả phần xem lại trận đấu. Rowan để giấy mời ăn ở phòng chờ, lần này không ghi giờ kết thúc.|Tôi sẽ đọc giấy mời của Rowan.|Cảm ơn. Nhớ giữ nguyên phần không có giờ kết thúc, đó là điều anh ấy muốn nhắn.
nyx_clock.3|Giấy mời có yêu cầu Nyx rời đi vào một giờ nhất định không?|Không. Rowan ghi tới khi đói, về khi muốn. Nyx đã gạch hai câu, nhưng chưa từ chối lời mời. Cô ấy nhận một trận tập nhịp chậm trước khi gặp lại bạn.|Tôi sẽ nhận trận tập với Nyx.|Bạn giữ đúng lời mời, không tự thêm lịch thay cho Rowan.
nyx_clock.4|Cô có tính phần thưởng theo thời gian kết thúc trận không?|Không. Tôi muốn cậu chọn nước đúng dù phải suy nghĩ lâu hơn. Sau trận, nhắc tôi về lời mời ăn trưa nhé.|Vậy tôi nhận trận tập nhịp chậm.|Được. Tôi cất đồng hồ đếm khỏi bàn này trước khi bắt đầu.
nyx_clock.5|Cô có tới bữa trưa Rowan mời không?|Có. Tôi vẫn mang đồng hồ, nhưng để trong túi. Tôi muốn thử một cuộc hẹn không đo xem bao giờ mới được về.|Tôi sẽ báo lễ tân cô nhận lời mời.|Cảm ơn. Lần này tôi tự gặp Rowan, không nhờ cậu nói thay phần còn lại.
orion_public_record.1|Người chơi muốn xóa trận vì điều gì?|Sợ gia đình nhìn thấy một chữ thua. Tôi không muốn đổi kết quả, nhưng có thể giữ thêm phần họ đã làm tốt. Bảo có thể cho tôi một góc nhìn.|Tôi sẽ hỏi Bảo muốn đọc gì trong bản ghi.|Cảm ơn. Tôi muốn thêm thông tin đúng, không viết một chiến thắng khác.
orion_public_record.2|Nếu giữ kết quả thua, cậu muốn ghi thêm phần nào?|Những lượt tôi đổi Pokémon đúng lúc và chỗ tôi tự nhận mình sai. Chỉ chữ thua không cho tôi biết phần nào đáng giữ lại.|Tôi sẽ xem mẫu ghi có chú thích lượt đấu.|Ừ. Tôi muốn đọc lại trận của mình, không chỉ một kết luận về mình.
orion_public_record.3|Mẫu có thay đổi người thắng không?|Không. Nó giữ kết quả và thêm lượt tốt, lỗi cần sửa cùng lời người chơi. Orion cần ba tờ giấy cho bản có chú thích.|Tôi sẽ mang giấy để Orion bổ sung chú thích.|Bạn giữ phần phân tích kiểm chứng được, không đổi kết quả gốc.
orion_public_record.4|Anh sẽ giữ cả kết quả và phần giải thích chứ?|Có. Ba tờ giấy đủ cho bản bổ sung. Người đọc thấy người chơi đã thử gì, không chỉ nhìn một chữ rồi tự đoán cả trận.|Tôi giao ba tờ giấy cho bản chú thích.|Cảm ơn. Nhờ Bảo đọc thử xem phần giải thích có rõ không nhé.
orion_public_record.5|Đọc bản mới, cậu biết mình cần sửa lượt nào không?|Biết. Tôi vẫn thua, nhưng thấy được cả lần đổi đúng và chỗ sai. Tôi muốn đấu lại để thử sửa chỗ đó, không phải xóa kết quả cũ.|Vậy tôi báo Orion phần chú thích đọc được rõ.|Cảm ơn. Tôi giữ bản này để xem sau trận tới.
cassian_family_name.1|Người trong gia đình ông có thật sự mất tích không?|Không. Bình bỏ giải rồi làm ở cảng. Gia đình kể như anh ấy đã không còn. Tôi muốn biết Bình có muốn tên và nghề mới được ghi lại không.|Tôi sẽ hỏi Bình về cách ghi tên.|Cảm ơn. Đừng mời anh ấy trở lại thi đấu thay cho câu hỏi đó.
cassian_family_name.2|Anh có muốn gia đình ghi rõ nghề ở cảng không?|Có. Tôi chọn việc có lương đều, không mất tích và cũng không chờ ai kéo về giải đấu. Bản gia phả cũ còn ở League để đối chiếu.|Tôi sẽ xem bản gia phả chưa sửa.|Cảm ơn. Giữ đúng nghề tôi đã nói, đừng gọi đó là một giai đoạn sa ngã.
cassian_family_name.3|Bản gốc còn dòng tên Bình không?|Còn, cùng nghề huấn luyện viên cũ. Có thể thêm nghề mới mà không cắt dòng người. Cassian cần hai tờ giấy làm bản cập nhật Bình đã đồng ý.|Tôi sẽ mang giấy cho bản cập nhật.|Bạn giữ dòng tên gốc và nghề mới theo lời Bình.
cassian_family_name.4|Ông sẽ ghi nghề mới mà không gán một đánh giá chứ?|Có. Tôi ghi làm việc tại cảng. Hai tờ giấy đủ cho bản cập nhật và bản đối chiếu. Việc Bình không thi nữa không cho tôi quyền gọi anh ấy là thất bại.|Tôi giao hai tờ giấy cập nhật gia phả.|Cảm ơn. Nhờ bạn báo Bình tên đã được ghi đúng cùng công việc nhé.
cassian_family_name.5|Tên và nghề của anh đã được ghi lại. Anh có đồng ý cách đó không?|Có. Mai tôi vẫn đi làm, nhưng không phải sống như một dòng đã bị gia đình bỏ khỏi bản kể nữa. Tôi sẽ xem bản cập nhật khi về.|Tôi xác nhận anh đồng ý tên và nghề được ghi.|Cảm ơn. Tôi tự nói phần còn lại với gia đình.
seraph_unsigned_order.1|Vì sao một lệnh không có chữ ký vẫn khiến người ta chuyển nhà?|Bản dự thảo mất trang đầu khi được sao. Người nhận tưởng quyết định đã có hiệu lực. Cậu xem bản gốc để biết phần nào bị mất.|Tôi sẽ kiểm tra bản lệnh gốc.|Cảm ơn. Tôi cần giải thích đường chuyển của nó, không chỉ bảo người nhận đọc nhầm.
seraph_unsigned_order.2|Trang đầu đã ghi đây là dự thảo chưa?|Có. Bản sao thiếu trang đó nên mất cả trạng thái dự thảo. Yến biết những gia đình đã bắt đầu chuyển đồ theo bản sao.|Tôi sẽ hỏi Yến về ảnh hưởng của bản lệnh.|Bạn giữ dấu dự thảo cùng phần trang bị thiếu để đính chính đúng.
seraph_unsigned_order.3|Những gia đình đã chuyển đi hết chưa?|Chưa hết, nhưng họ đã đóng đồ và lo mấy ngày. Seraph cần ba tờ giấy làm thông báo hủy có người ký. Một câu nói lệnh không thật chưa đủ.|Tôi sẽ mang giấy cho thông báo có chữ ký.|Cảm ơn. Nhớ yêu cầu người chịu trách nhiệm tới giải thích trực tiếp.
seraph_unsigned_order.4|Cô có ký và tự giải thích với các gia đình không?|Có. Tôi ký thông báo hủy, đưa bản sao và đến nói trực tiếp. Ba tờ giấy đủ cho những hộ cần nhận bản đính chính.|Tôi giao ba tờ giấy làm thông báo hủy.|Cảm ơn. Sau đó nhờ Yến xác nhận từng gia đình đã nhận nhé.
seraph_unsigned_order.5|Các gia đình đã nhận thông báo có chữ ký chưa?|Rồi. Họ giữ cả bản cũ và bản mới để sau này còn hỏi nếu ai phủ nhận chuyện đã xảy ra. Tôi sẽ không yêu cầu họ bỏ giấy cũ.|Vậy tôi xác nhận thông báo đã tới đủ người.|Cảm ơn. Tôi ghi ngày nhận và người đã tới giải thích.
kael_empty_uniform.1|Ông giữ bộ áo vì vẫn mặc được hay vì chuyện cũ?|Cả hai, nhưng nói vừa cỡ dễ hơn. Tôi muốn xem lại đường may che tên người cùng đội. Elle có thể sửa nếu tôi chọn giữ cái tên đó.|Tôi sẽ hỏi Elle về đường may.|Cảm ơn. Tôi không nhờ cô ấy quyết định hộ mình nên nhớ ai.
kael_empty_uniform.2|Cô có thể tháo phần che tên mà giữ nguyên áo không?|Có. Nhưng Kael phải chọn giữ tên nào. Bạn xem dấu dưới đường may để ông ấy biết chính xác phần sẽ được mở lại.|Tôi sẽ kiểm tra dấu tên dưới đường may.|Được. Tôi chưa cắt thứ gì khi khách chưa chọn.
kael_empty_uniform.3|Tên dưới miếng vải có bị cháy mất không?|Không. Tên TOBA còn nguyên, bị một miếng vải may đè lên. Elle cần ba sợi dây để sửa mép sau khi tháo miếng che.|Tôi sẽ mang dây cho Elle sửa mép áo.|Bạn giữ ghi nhận tên còn nguyên để Kael không nhầm việc che với việc mất.
kael_empty_uniform.4|Kael đã đồng ý tháo miếng che tên chứ?|Rồi. Tôi tháo miếng che và giữ những đường kim cũ. Ba sợi dây đủ gia cố mép, không biến bộ áo thành một món mới chưa từng bị sửa.|Tôi giao ba sợi dây sửa áo.|Cảm ơn. Nhờ Kael tới nhận và tự nói lý do chọn giữ tên nhé.
kael_empty_uniform.5|Ông nhận lại áo có tên TOBA chứ?|Có. Tôi giữ cái tên, và cũng giữ dấu mình từng che nó. Tôi không muốn người khác gọi việc này là đã sửa hết phần tôi còn nợ.|Tôi xác nhận ông chọn giữ tên trên áo.|Cảm ơn. Tôi sẽ tự mặc lại, không để nó mãi trong tủ.
aurelia_public_day.1|Bà muốn buổi hỏi đáp khác những lần đứng trên bục thế nào?|Người hỏi phải có lượt hỏi lại. Ta muốn nghe điều chưa được giải đáp, nhất là từ người đã phải chờ vì giấy tờ của chúng ta.|Tôi sẽ hỏi Đức điều anh ấy muốn hỏi bà.|Được. Đừng chỉ đưa ta những câu dễ trả lời.
aurelia_public_day.2|Anh muốn hỏi Champion điều gì nhất?|Vì sao giấy của tôi mất thì tôi phải chứng minh, còn văn phòng mất giấy thì tôi chỉ được chờ? Hòm câu hỏi còn những câu bị gạt ra, cậu xem cả phần đó.|Tôi sẽ kiểm tra hòm câu hỏi chưa lọc.|Cảm ơn. Giữ nguyên câu hỏi của tôi, không đổi thành một lời cảm ơn cho dễ nghe.
aurelia_public_day.3|Những câu bị gạt ra có thuộc chuyện League phải xử lý không?|Có. Chúng bị chuyển sang ngăn ngoài nội dung, trong khi hỏi về chính hồ sơ của văn phòng. Aurelia cần bốn tờ giấy ghi câu trả lời công khai.|Tôi sẽ mang giấy và cả ngăn câu hỏi bị loại.|Bạn giữ đủ câu hỏi, không lọc lại những phần gây khó chịu.
aurelia_public_day.4|Bà có giữ cả câu chưa trả lời được trong bản công khai không?|Có. Câu chưa có đáp án sẽ ghi người chịu trách nhiệm và ngày trả lời tiếp. Bốn tờ giấy đủ cho bản niêm yết đầu tiên.|Tôi giao bốn tờ giấy làm bản trả lời.|Cảm ơn. Báo Đức câu hỏi của anh ấy đã có người nhận trách nhiệm nhé.
aurelia_public_day.5|Anh có tới buổi hỏi đáp để tự hỏi tiếp không?|Có. Tôi biết ai phải trả lời và khi nào. Tôi không muốn cậu đứng hỏi thay mình cả đời; lần này tôi sẽ tới.|Vậy tôi xác nhận anh đã nhận thông tin buổi gặp.|Cảm ơn. Tôi giữ bản công khai để còn đối chiếu câu trả lời lần sau.
bran_open_gate.1|Anh đã dùng điều kiện chiến đấu cho cả lớp sơ cứu sao?|Đúng. Tôi thấy Linh chưa có huy hiệu rồi bảo quay về. Sau đó thấy em ấy giúp người trượt dốc. Bạn hỏi vì sao em ấy tới đây giúp tôi.|Tôi sẽ hỏi Linh muốn học lớp nào.|Cảm ơn. Tôi kiểm tra lại quy định trước khi giữ cách trả lời cũ.
bran_open_gate.2|Cậu muốn vào bài thử chiến đấu hay học sơ cứu trước?|Sơ cứu. Tôi vẫn muốn vượt bài thử sau này, nhưng hôm nay muốn biết giúp người bị thương thế nào. Quy định có phân hai lớp không?|Tôi sẽ đọc điều kiện nhận học viên.|Cảm ơn. Tôi muốn biết đúng cửa mình đang xin vào.
bran_open_gate.3|Quy định có yêu cầu huy hiệu cho lớp sơ cứu không?|Không. Điều kiện League áp cho bài thử chiến đấu, không áp cho lớp sơ cứu. Bran cần hai tờ giấy viết hướng dẫn rõ từng lớp.|Tôi sẽ mang giấy làm bảng điều kiện riêng.|Bạn giữ nguyên điều kiện của từng lớp, không bỏ yêu cầu bài thử chiến đấu.
bran_open_gate.4|Anh sẽ ghi rõ hai nhóm điều kiện trên bảng chứ?|Có. Tôi không để người xin học sơ cứu phải chứng minh chuyện khác nữa. Hai tờ giấy đủ ghi hướng dẫn ở cổng và phòng học.|Tôi giao hai tờ giấy viết hướng dẫn.|Cảm ơn. Nhờ bạn báo Linh được vào lớp sơ cứu nhé.
bran_open_gate.5|Cổng đã phân rõ lớp sơ cứu. Cậu có muốn bắt đầu học không?|Có. Tôi vẫn luyện để qua bài thử sau này. Nhưng hôm nay tôi có thể học phần giúp người mà mình đã tới để hỏi.|Tôi xác nhận cậu đã nhận hướng dẫn vào lớp.|Cảm ơn. Tôi sẽ tới đúng phòng, không đứng ngoài chờ huy hiệu nữa.
vargan_watch.1|Ông muốn học viên đúng giờ vì lý do gì?|Đội cứu hộ phải biết đang chờ hay phải đi tìm người. Ta đã nói chuyện đó bằng lời mắng quá nhiều. Bran sẽ giải thích phần quy trình cho cậu.|Tôi sẽ hỏi Bran cách báo giờ về.|Được. Ta cũng cần ghi giờ của mình vào sổ.
vargan_watch.2|Khi có người tới muộn, đội cần biết thông tin gì?|Người ấy đang ở đâu, có đổi kế hoạch không và ai nhận tin. Sổ School có giờ dự kiến, nhưng dòng của Vargan vẫn để trống.|Tôi sẽ xem sổ báo giờ về.|Cảm ơn. Quy trình cần dùng cho cả người dạy, không chỉ học viên.
vargan_watch.3|Vargan có điền giờ và người nhận tin trong sổ không?|Chưa. Các học viên có đủ hai phần, dòng của ông ấy thiếu. Một redstone giúp làm bộ nhắc để ông ấy báo giờ trước khi đi.|Tôi sẽ mang redstone cho Vargan.|Bạn giữ đúng phần còn thiếu, không tự đoán giờ thay ông ấy.
vargan_watch.4|Ông có ghi giờ về và tên Bran nhận tin không?|Có. Ta sẽ dùng bộ nhắc và ghi trước khi đi. Một redstone đủ. Việc ta làm theo quy tắc không có nghĩa học viên được bỏ nó.|Tôi giao redstone làm bộ nhắc giờ.|Được. Nhờ Bran xác nhận đã nhận giờ dự kiến của ta.
vargan_watch.5|Anh đã nhận được giờ về của Vargan chưa?|Rồi. Tôi biết khi nào ông ấy dự kiến về và lúc nào cần liên lạc, không phải đoán từ lời ông ấy dặn học viên.|Vậy tôi xác nhận ông ấy cũng dùng cùng quy trình.|Cảm ơn. Tôi sẽ báo nếu giờ đổi, như với mọi người khác trong đội.
wolf_two_routes.1|Vì sao anh muốn đo lại tuyến nhanh trên bản đồ?|Nó nhanh cho người đi bộ, nhưng không đủ rộng cho cáng. Bạn kiểm tra mốc ở dốc để chúng ta không đưa đội cứu hộ vào chỗ phải quay lại.|Tôi sẽ kiểm tra độ rộng ở mốc đường cáng.|Cảm ơn. Đo cả phần người được khiêng cần, không chỉ chân người chạy.
wolf_two_routes.2|Lối hẹp có đủ cho cáng đi qua không?|Không. Bản đồ chỉ đo quãng đường, bỏ độ rộng. Hati biết tuyến vòng mà đội có thể đưa cả người trở về.|Tôi sẽ tới Hati xác nhận đường vòng.|Bạn ghi điểm hẹp và chiều rộng cần để phân đúng hai tuyến.
wolf_two_routes.3|Đường vòng có giữ được cả đội mang cáng không?|Có. Dài hơn, nhưng không phải tháo cáng giữa dốc. Skoll cần hai tấm ván sồi làm bảng chỉ rõ tuyến dùng cho cứu hộ.|Tôi sẽ mang ván làm bảng đường cáng.|Cảm ơn. Ghi rõ mục đích, đừng chỉ gọi nó là đường chậm.
wolf_two_routes.4|Anh sẽ để cả hai tuyến và ghi rõ ai dùng chứ?|Đúng. Hai tấm ván đủ làm bảng ở chỗ chia đường. Người đi bộ có tuyến nhanh, người mang cáng có tuyến đủ rộng.|Tôi giao hai tấm ván sồi làm bảng.|Cảm ơn. Báo Hati tuyến cáng đã có bảng trước chuyến tập tiếp nhé.
wolf_two_routes.5|Bảng mới có ghi đúng tuyến đủ rộng không?|Có. Người mới không cần tự mắc kẹt mới biết khác biệt. Tôi sẽ dẫn đội tập theo đúng bảng mới.|Vậy tôi xác nhận hai tuyến đã được phân rõ.|Cảm ơn. Chúng tôi sẽ kiểm tra lại nếu dốc hoặc đường có thay đổi.
last_person_letter.1|TOBA có nhờ chúng tôi đến một điểm hẹn mới không?|Không. Thư ký tên đầy đủ và chỉ hỏi những người trong ảnh còn gặp nhau không. Hale là người đầu tiên có thể trả lời câu đó.|Tôi sẽ hỏi Hale muốn trả lời thư thế nào.|Bạn giữ thư đúng như đã viết, không tự biến lời hỏi thăm thành một lời triệu tập.
last_person_letter.2|Ông muốn viết gì ngoài lời xin lỗi?|Anh ấy hỏi ta ăn ngủ ra sao. Ta sẽ trả lời cả điều đó và kể nhóm vẫn gặp nhau. Nhờ cậu hỏi Aurelia điều bà ấy muốn gửi riêng nhé.|Tôi sẽ hỏi Aurelia về lá thư của bà.|Được. Ta tự ký thư mình, không nhờ nhóm ký thay một lời chung.
last_person_letter.3|Bà có đặt điều kiện cho lời mời TOBA trở về không?|Không. Một lời mời gặp, không chức danh hay yêu cầu tha thứ. Người nhận được chọn có đến hay không. Cần ba tờ giấy giữ các thư trả lời riêng.|Tôi sẽ mang giấy cho ba lá thư riêng.|Cảm ơn. Ta sẽ không gộp chúng để tránh đứng tên phần mình.
last_person_letter.4|Các thư có được giữ riêng theo người viết không?|Có. Ba tờ giấy đủ cho ba thư trả lời. Mỗi người tự ký, không ghép thành một lời xin lỗi chung mà không ai chịu tên.|Tôi giao ba tờ giấy cho các thư riêng.|Cảm ơn. Bạn hỏi Mara điều cô ấy muốn nói sau cuộc điều tra nhé.
last_person_letter.5|Cậu muốn nhắn TOBA điều gì sau khi mọi chuyện đã rõ?|Rằng chúng tôi vẫn có thể ngồi ăn với nhau, không chỉ gặp khi có việc phải cứu. Tôi muốn biết anh ấy muốn gặp lúc nào, chứ không đưa lịch thay anh ấy.|Tôi sẽ giữ lời nhắn của cậu trong thư riêng.|Được. Lần này tôi sẽ tự hỏi thăm bằng tên mình, không nhờ một dấu hỏi chuyển lời.
weather_duo_01.1|Cô cần xác nhận tình hình ở trạm nào trước?|Cảng báo mưa ba ngày, trạm rừng báo sông cạn. Hỏi Thảo ở cảng rồi Hạnh ở rừng. Tôi cần cả chuyện người và Pokémon đang gặp, không chỉ số đo.|Tôi sẽ bắt đầu với Thảo ở cảng.|Cảm ơn. Giữ lời kể của từng nơi riêng để tôi đối chiếu được.
weather_duo_01.2|Mưa đang ảnh hưởng chuyến tàu thế nào?|Tàu không ra được. Cá gần bờ nhưng sóng không an toàn để bắt. Cột đo triều ghi mực nước vượt mùa; bạn xem nó rồi hỏi phía đất liền.|Tôi sẽ kiểm tra cột đo triều.|Cảm ơn. Đừng coi cá sát bờ là lý do cho thuyền ra lúc này.
weather_duo_01.3|Mực triều có đổi theo gió không?|Không. Nó lặp theo chu kỳ sáu giờ dù gió thay đổi. Cần bản phía sông để đối chiếu, chưa đủ để kết luận một Pokémon gây ra mọi chuyện.|Tôi sẽ hỏi Hạnh về mực nước sông.|Bạn giữ chu kỳ sáu giờ và những lần gió đổi mà triều không đổi.
weather_duo_01.4|Trạm cần gì để giúp Pokémon trước mắt?|Bốn thỏi sắt cho thùng chứa nước. Pokémon dồn tới vì sông cạn; tìm nguyên nhân vẫn cần làm, nhưng chúng cần nước ngay hôm nay.|Tôi sẽ chuẩn bị bốn thỏi sắt cho trạm.|Cảm ơn. Khi có chỗ chứa, chúng tôi có thể giữ phần cho những con tới sau.
weather_duo_01.5|Bốn thỏi sắt đủ cho phần thùng đang thiếu chứ?|Đủ. Tôi sẽ hoàn thiện thùng rồi kiểm tra mốc sông. Việc này giúp hôm nay, nhưng chúng ta vẫn cần biết vì sao nước tiếp tục giảm.|Tôi giao bốn thỏi sắt làm thùng nước.|Cảm ơn. Bạn xem mốc sông giúp tôi, tôi ở lại phân nước cho trạm.
weather_duo_01.6|Mực sông có giảm cùng lúc triều lên không?|Có. Hai vùng lặp cùng một nhịp. Orin có hồ sơ thời tiết cũ để phân biệt biến động tự nhiên với một tín hiệu điều khiển chung.|Tôi sẽ đưa hai bản đo cho Orin.|Bạn giữ thời điểm ở cả sông và cảng, không chỉ mức nước cuối.
weather_duo_01.7|Hai vùng có đang tranh nước với nhau không?|Không. Một bộ điều tiết cũ gửi hai lệnh trái nhau. Marlow giữ bản vẽ, chúng ta cần biết hai bộ tham chiếu của nó đang ở đâu.|Tôi sẽ nhờ Marlow đối chiếu bản vẽ.|Được. Mang chu kỳ đo, không cần đoán tên Pokémon gây ra nó.
weather_duo_01.8|Bộ điều tiết cũ vốn dùng để làm gì?|Theo dõi nơi trú Pokémon. Nó có phần tham chiếu địa tầng và thủy triều, không phải máy điều khiển thần linh. Bia ở hang chỉ nơi gắn phần địa tầng.|Tôi sẽ đọc bia địa tầng trước khi chạm thiết bị.|Được. Đừng rút bộ phận chỉ vì thấy nó sáng; chúng ta cần giữ mạch để đối chiếu.
weather_duo_01.9|Bộ phận địa tầng còn trong ổ không?|Không. Có vết dụng cụ mới và hóa đơn chuyển thiết bị về cảng. Rook biết tuyến vận chuyển đồ máy cũ này.|Tôi sẽ hỏi Rook về chuyến chuyển thiết bị.|Bạn giữ vết tháo mới và hóa đơn, không gọi ổ trống là hư hại cổ.
weather_duo_01.10|Ông đã bán thiết bị hay bán đường vận chuyển?|Đường vận chuyển. Nhóm mua gọi nó là cảm biến rẻ, nhưng tôi không kiểm tra nguồn. Mai nhận dữ liệu của nhóm đó; cô ấy biết nó được nối vào máy nào.|Tôi sẽ hỏi Mai thiết bị đã được gắn ở đâu.|Được. Tôi đưa cả biên nhận của mình, không chỉ lời nói không biết.
weather_duo_01.11|Hai bộ phận có bị gắn vào hai máy khác nhau không?|Có. Tôi nhận thiết bị không rõ nguồn vì muốn báo cáo nhanh. Máy rừng gọi phản ứng nhiệt, máy cảng gọi phản ứng nước. Hai Pokémon đang đáp tín hiệu cứu hộ sai.|Tôi sẽ kiểm tra dấu ở buồng Groudon.|Cảm ơn. Tôi giữ dữ liệu gốc và ghi rõ mình đã nhận thiết bị ra sao.
weather_duo_01.12|Groudon có đuổi người khi tín hiệu tắt không?|Dấu mới cho thấy nó dừng quanh vùng nước cạn, rồi quay lại khi máy phát. Cần tìm phần tham chiếu nước trước khi dùng một trận đấu thay cho sửa tín hiệu.|Tôi sẽ tìm hồ sơ bộ phận nước ở cảng.|Bạn giữ nhịp tín hiệu và hướng dấu chân, không kết luận từ kích thước Pokémon.
weather_duo_01.13|Chị có thể mở đường đến nơi giữ hồ sơ thủy triều không?|Có, sau khi trạm xác nhận. Đội tàu chưa ra theo lịch cũ vì triều thay đổi. Bàn điện thờ giữ bản sao dấu thủy triều, xem nó trước giúp tôi.|Tôi sẽ đọc bản sao ở bàn điện thờ.|Cảm ơn. Chúng tôi giữ tàu lại cho đến khi đường đi được xác nhận.
weather_duo_01.14|Phần tham chiếu nước đã bị chuyển về đâu?|Về kho nghiên cứu, cùng dấu sửa của chuyến địa tầng. Dự án đã tách hai phần để bán dữ liệu riêng. Nhi giữ nhật ký Kyogre để đối chiếu.|Tôi sẽ mang dấu này cho Nhi.|Bạn giữ cả hai dấu vận chuyển để chứng minh cùng một hệ thống bị chia đôi.
weather_duo_01.15|Kyogre tới vùng ngập để làm gì?|Cứu Pokémon mắc trong nước. Máy cứ phát nên nó tiếp tục đẩy nước lên. Dấu ở buồng cho biết hướng dòng cứu hộ; đọc trước khi tìm cách chặn nó.|Tôi sẽ kiểm tra nhật ký ở buồng Kyogre.|Cảm ơn. Chúng ta cần kết thúc tín hiệu sai, không phạt Pokémon vì đã đáp lại nó.
weather_duo_01.16|Dòng xoáy bắt đầu từ tàu cá hay cửa cứu hộ?|Từ cửa cứu hộ. Tín hiệu lặp kéo dài hành động đã đáng lẽ kết thúc. Iris biết cách giữ bản gốc và tách tín hiệu lặp của cả hai máy.|Tôi sẽ nhờ Iris phân tích hai mạch.|Bạn giữ đường dòng xoáy cùng thời điểm phát tín hiệu để Iris đối chiếu.
weather_duo_01.17|Cô định tắt tín hiệu mà giữ dữ liệu thế nào?|Ngắt nguồn phát, nối hai phần tham chiếu rồi gửi xác nhận kết thúc cùng chữ ký. Tôi cần hai redstone làm mạch. Hale và Mai phải kiểm tra bản lưu trước khi gửi.|Tôi sẽ chuẩn bị hai redstone cho mạch xác nhận.|Cảm ơn. Tôi sẽ không gửi chỉ vì tự mình nói đã đúng.
weather_duo_01.18|Mạch có giữ bản sao trước lúc gửi không?|Có. Hai redstone đủ hoàn thiện phần xác nhận. Khoa muốn kiểm tra khả năng giữ đội trước khi mở buồng địa tầng, rồi chúng ta nối lại bộ điều tiết.|Tôi giao hai redstone cho mạch.|Cảm ơn. Tôi gửi bản kiểm chứng cho Hale và Mai; bạn gặp Khoa nhé.
weather_duo_01.19|Thắng trận này có khiến Groudon phải theo tôi không?|Không. Tôi kiểm tra bạn có thể tới gần mà giữ đội và đường cứu hộ an toàn. Sau trận, bạn mở buồng để kiểm tra bộ điều tiết trung tâm.|Tôi nhận bài thử của Khoa.|Được. Chúng ta đấu để mở việc kiểm tra, không quyết định thay Pokémon.
weather_duo_01.20|Hai phần tham chiếu đã trở về cùng một mạch chưa?|Rồi. Tín hiệu cứu hộ giả đã được đóng, bản ghi tháo thiết bị vẫn được giữ. Sông và biển đang trở về nhịp thường; Nhi còn bài thử cuối trước khi xác nhận.|Tôi sẽ nhận bài thử cuối của Nhi.|Bạn giữ bản đóng tín hiệu và bản ghi cũ để đối chiếu khi cần.
weather_duo_01.21|Nhi muốn kiểm tra phần nào sau bài thử của Khoa?|Cách bạn đổi nhịp khi nước và thời tiết đổi. Hai bài thử xác nhận riêng; nếu vượt qua, bạn có thể nhận lời đồng hành của từng Pokémon.|Tôi sẵn sàng nhận bài thử của Nhi.|Được. Tín hiệu đã kết thúc, chúng ta đấu bằng đội của mình.
weather_duo_01.22|Nhận Groudon có làm tôi mất quyền nhận Kyogre không?|Không. Hai lời đồng hành được xác nhận riêng. Nếu đội đầy, Groudon được gửi vào hộp lưu trữ. Bạn chỉ nhận mỗi lời một lần trong mùa.|Tôi nhận lời đồng hành của Groudon.|Được. Tôi xác nhận phần của Groudon; phần Kyogre vẫn giữ nguyên.
weather_duo_01.23|Nếu đội đã đầy, Kyogre được gửi tới đâu?|Vào hộp lưu trữ Pokémon. Bạn vẫn nhận một lần riêng trong mùa, dù đã nhận Groudon. Hai xác nhận không thay thế cho nhau.|Tôi nhận lời đồng hành của Kyogre.|Được. Tôi xác nhận phần Kyogre và giữ lịch sử đã nhận.
weather_duo_01.24|Cô sẽ công khai phần nhận thiết bị không rõ nguồn chứ?|Có. Báo cáo giữ cả thiết bị, người nhận và bản xác minh của Iris. Thời tiết tốt lại không khiến quyết định nhận thiết bị của tôi chưa từng xảy ra.|Tôi xác nhận hai vùng đã có bản đối chiếu đầy đủ.|Cảm ơn. Tôi gửi báo cáo cho cảng và trạm rừng, rồi kiểm tra nguồn thiết bị trước đợt đo sau.
fish_out_of_water.1|Magikarp đang mắc ở đâu?|Vũng cạn Hạnh đánh dấu trên điện thoại. Bạn bắt nó bằng Poké Ball ở đó rồi đưa về chăm sóc. Mình không muốn mọi người đợi nó tiến hóa để tự thoát.|Tôi sẽ đến vũng và dùng Poké Ball đưa nó về.|Cảm ơn. Giữ an toàn cho nó, rồi quay lại chỗ mình.
fish_out_of_water.2|Tôi cần đưa Magikarp tới Mira sau khi bắt chứ?|Đúng. Nếu được gửi vào hộp lưu trữ, hãy đưa nó vào đội trước khi gặp Mira. Cần bắt Magikarp thật tại vũng đang được kiểm tra.|Tôi sẽ bắt Magikarp ở đây rồi đưa tới Mira.|Bạn giữ khoảng cách với bờ trơn và dùng Poké Ball như khi bắt Pokémon khác.
fish_out_of_water.3|Mira có chăm Magikarp trong đội của tôi được không?|Có. Đưa nó lại đây cùng đội. Mình chăm nó như mọi Pokémon khác, không đợi nó mạnh hơn rồi mới coi nó đáng cứu.|Nhờ Mira kiểm tra đội và Magikarp của tôi.|Được. Mình kiểm tra Magikarp trước, rồi bạn xem lại mốc nước giúp Hạnh nhé.
fish_out_of_water.4|Vũng đã đủ rộng để đưa mọi Pokémon trở lại chưa?|Chưa. Đường nước phụ đã thông nhưng vũng vẫn nhỏ. Hạnh sẽ theo dõi mực nước; Magikarp bạn bắt có thể ở lại cùng bạn.|Tôi sẽ báo Hạnh nước đã thông nhưng chưa đủ rộng.|Bạn ghi đúng mức nước hiện tại, không coi việc thông đường là đã xong mọi phần chăm sóc.
fish_out_of_water.5|Chị có tiếp tục kiểm tra vũng sau khi tôi rời đi không?|Có. Tôi ghi lịch đo và giữ lối nước phụ thông. Magikarp vẫn thuộc người đã bắt; tôi không lấy nó khỏi đội khi bạn hoàn thành việc giúp trạm.|Vậy tôi xác nhận vũng đã có người theo dõi.|Cảm ơn. Bạn chăm Magikarp, tôi giữ phần theo dõi vũng.
ren_missing_labels.1|Anh định bán hai lô khi nhãn chưa rõ sao?|Không. Một lô thuốc hồi phục, một lô vật tư chăm sóc. Hỏi Nam người gửi rồi xem số lô trên phiếu kho giúp tôi.|Tôi sẽ hỏi Nam trước khi đối chiếu phiếu kho.|Cảm ơn. Tôi giữ cả hai lô ngoài quầy bán cho tới khi nhãn đúng.
ren_missing_labels.2|Anh còn ảnh nhãn gốc của hai lô không?|Không. Tôi chỉ bọc ngoài nên ảnh cũng không đọc được số bên trong. Phiếu kho ở bàn nhận hàng còn số lô đúng.|Tôi sẽ xem số lô trên phiếu kho.|Cảm ơn. Tôi ghi lại việc thiếu ảnh để không lặp lần giao tới.
ren_missing_labels.3|Hai lô có dùng thay cho nhau được không?|Không. Phiếu ghi một lô hồi phục và một lô chăm sóc khác. Ren cần ba tờ giấy để làm lại nhãn riêng, có cả số lô.|Tôi sẽ thu thập ba tờ giấy cho Ren.|Bạn giữ số lô của từng thùng, không đổi nhãn theo màu hộp.
ren_missing_labels.4|Anh cần nhãn ghi những phần nào?|Tên món, cách dùng và số lô. Thu thập ba tờ giấy trước, rồi mang tới quầy để tôi nhận riêng phần dùng làm nhãn.|Tôi sẽ chuẩn bị đủ ba tờ giấy.|Cảm ơn. Khi đã đủ, chúng ta kiểm đếm và giao giấy tại quầy.
ren_missing_labels.5|Anh đã đối chiếu hai số lô để làm nhãn chưa?|Rồi. Tôi nhận ba tờ giấy và viết nhãn riêng. Nam sẽ lưu ảnh rõ số lô trong những chuyến sau, để khách không phải đoán món trong hộp.|Tôi giao ba tờ giấy làm nhãn.|Cảm ơn. Hai lô đã được nhận diện đúng; tôi đưa đúng lô về quầy.
mara_postgame.1|Cậu đã đổi đội thế nào cho trận sau?|Đủ sáu Pokémon với vai trò phối hợp rõ hơn. Tôi không chỉ tăng cấp. Bảng ở sân ghi cách đội đổi nhịp; cậu xem rồi quay lại đấu.|Tôi sẽ xem bảng luyện mới.|Được. Tôi để chiến thuật trên bảng, nhưng cậu vẫn phải đọc nó trong trận.
mara_postgame.2|Đội mới chỉ mạnh hơn vì cấp cao hơn sao?|Không. Cấp điều chỉnh theo đội người thách đấu, còn thành viên, vật phẩm và vai trò phối hợp đã đổi. Mara giữ cả cách đổi nhịp lẫn đòn ưu tiên.|Tôi sẽ quay lại nhận trận với Mara.|Bạn ghi những vai trò mới, không chỉ so con số cấp.
mara_postgame.3|Trận này có lặp lại phần thưởng tuyến truyện chính không?|Không. Đây là bài luyện riêng, được ghi kết quả riêng. Tôi vẫn muốn thắng, nên cậu đừng nghĩ tôi mang đội mới chỉ để cho xem.|Tôi nhận trận tái đấu với đội mới của cậu.|Được. Bắt đầu thôi; chúng ta giữ kết quả mới cùng những trận trước.
mara_postgame.4|Ông có nghe sân tập hoạt động bình thường không?|Có. Không có chữ ký lạ hay bản ghi bị sửa. Chỉ có hai người còn muốn đấu tiếp. Cậu gặp Mara hẹn lần sau đi, không cần đợi có việc khẩn cấp.|Tôi sẽ gặp Mara để hẹn buổi sau.|Được. Ta giữ phòng nghiên cứu cho công việc của mình, không biến cuộc hẹn ấy thành một cuộc điều tra.
mara_postgame.5|Cuối tuần đấu tiếp được không?|Được. Nhắn ngày cụ thể để tôi sắp lịch. Tôi muốn thắng, nhưng cũng có việc khác; cậu không cần tới mỗi ngày để giữ một đối thủ.|Tôi sẽ nhắn ngày cụ thể trước cuối tuần.|Được. Tôi tập đội trong lúc chờ, còn cậu nhớ tới đúng hẹn.
